date,industry,filled_jobs
2019-05-01,accommodation_and_food_services,146901.0
2019-05-01,administrative_and_support_services,111136.0
2019-05-01,agriculture_forestry_and_fishing,96007.0
2019-05-01,arts_and_recreation_services,40709.0
2019-05-01,construction,171566.0
2019-05-01,education_and_training,197811.0
2019-05-01,electricity_gas_water_and_waste_services,19016.0
2019-05-01,financial_and_insurance_services,62940.0
2019-05-01,health_care_and_social_assistance,234321.0
2019-05-01,information_media_and_telecommunications,32985.0
2019-05-01,manufacturing,232878.0
2019-05-01,mining,5624.0
2019-05-01,other_services,71800.0
2019-05-01,professional_scientific_and_technical_services,169464.0
2019-05-01,public_administration_and_safety,133655.0
2019-05-01,rental_hiring_and_real_estate_services,34062.0
2019-05-01,retail_trade,204776.0
2019-05-01,transport_postal_and_warehousing,93421.0
2019-05-01,wholesale_trade,112355.0
2019-06-01,accommodation_and_food_services,144688.0
2019-06-01,administrative_and_support_services,105300.0
2019-06-01,agriculture_forestry_and_fishing,92219.0
2019-06-01,arts_and_recreation_services,41343.0
2019-06-01,construction,171815.0
2019-06-01,education_and_training,199098.0
2019-06-01,electricity_gas_water_and_waste_services,19053.0
2019-06-01,financial_and_insurance_services,62836.0
2019-06-01,health_care_and_social_assistance,234482.0
2019-06-01,information_media_and_telecommunications,31368.0
2019-06-01,manufacturing,227383.0
2019-06-01,mining,5667.0
2019-06-01,other_services,72078.0
2019-06-01,professional_scientific_and_technical_services,169097.0
2019-06-01,public_administration_and_safety,135172.0
2019-06-01,rental_hiring_and_real_estate_services,33968.0
2019-06-01,retail_trade,204673.0
2019-06-01,transport_postal_and_warehousing,96036.0
2019-06-01,wholesale_trade,111690.0
2019-07-01,accommodation_and_food_services,144510.0
2019-07-01,administrative_and_support_services,100245.0
2019-07-01,agriculture_forestry_and_fishing,92710.0
2019-07-01,arts_and_recreation_services,41667.0
2019-07-01,construction,171966.0
2019-07-01,education_and_training,197483.0
2019-07-01,electricity_gas_water_and_waste_services,19217.0
2019-07-01,financial_and_insurance_services,63008.0
2019-07-01,health_care_and_social_assistance,235259.0
2019-07-01,information_media_and_telecommunications,31232.0
2019-07-01,manufacturing,225474.0
2019-07-01,mining,5790.0
2019-07-01,other_services,72182.0
2019-07-01,professional_scientific_and_technical_services,168465.0
2019-07-01,public_administration_and_safety,136117.0
2019-07-01,rental_hiring_and_real_estate_services,34127.0
2019-07-01,retail_trade,204796.0
2019-07-01,transport_postal_and_warehousing,95614.0
2019-07-01,wholesale_trade,111124.0
2019-08-01,accommodation_and_food_services,145570.0
2019-08-01,administrative_and_support_services,100255.0
2019-08-01,agriculture_forestry_and_fishing,93407.0
2019-08-01,arts_and_recreation_services,41709.0
2019-08-01,construction,171748.0
2019-08-01,education_and_training,199676.0
2019-08-01,electricity_gas_water_and_waste_services,19296.0
2019-08-01,financial_and_insurance_services,63218.0
2019-08-01,health_care_and_social_assistance,234704.0
2019-08-01,information_media_and_telecommunications,32614.0
2019-08-01,manufacturing,227200.0
2019-08-01,mining,5761.0
2019-08-01,other_services,72005.0
2019-08-01,professional_scientific_and_technical_services,168916.0
2019-08-01,public_administration_and_safety,134942.0
2019-08-01,rental_hiring_and_real_estate_services,33603.0
2019-08-01,retail_trade,204963.0
2019-08-01,transport_postal_and_warehousing,92442.0
2019-08-01,wholesale_trade,110744.0
2019-09-01,accommodation_and_food_services,147165.0
2019-09-01,administrative_and_support_services,100575.0
2019-09-01,agriculture_forestry_and_fishing,94106.0
2019-09-01,arts_and_recreation_services,41736.0
2019-09-01,construction,172541.0
2019-09-01,education_and_training,203063.0
2019-09-01,electricity_gas_water_and_waste_services,19423.0
2019-09-01,financial_and_insurance_services,63295.0
2019-09-01,health_care_and_social_assistance,237575.0
2019-09-01,information_media_and_telecommunications,31490.0
2019-09-01,manufacturing,226052.0
2019-09-01,mining,5776.0
2019-09-01,other_services,72778.0
2019-09-01,professional_scientific_and_technical_services,166432.0
2019-09-01,public_administration_and_safety,137651.0
2019-09-01,rental_hiring_and_real_estate_services,33981.0
2019-09-01,retail_trade,205656.0
2019-09-01,transport_postal_and_warehousing,95911.0
2019-09-01,wholesale_trade,110190.0
2019-10-01,accommodation_and_food_services,148988.0
2019-10-01,administrative_and_support_services,100381.0
2019-10-01,agriculture_forestry_and_fishing,97250.0
2019-10-01,arts_and_recreation_services,42295.0
2019-10-01,construction,173868.0
2019-10-01,education_and_training,199519.0
2019-10-01,electricity_gas_water_and_waste_services,19492.0
2019-10-01,financial_and_insurance_services,61343.0
2019-10-01,health_care_and_social_assistance,238729.0
2019-10-01,information_media_and_telecommunications,32515.0
2019-10-01,manufacturing,230193.0
2019-10-01,mining,5625.0
2019-10-01,other_services,72672.0
2019-10-01,professional_scientific_and_technical_services,167921.0
2019-10-01,public_administration_and_safety,137217.0
2019-10-01,rental_hiring_and_real_estate_services,34877.0
2019-10-01,retail_trade,208170.0
2019-10-01,transport_postal_and_warehousing,93824.0
2019-10-01,wholesale_trade,111962.0
2019-11-01,accommodation_and_food_services,153210.0
2019-11-01,administrative_and_support_services,103510.0
2019-11-01,agriculture_forestry_and_fishing,105864.0
2019-11-01,arts_and_recreation_services,43048.0
2019-11-01,construction,175956.0
2019-11-01,education_and_training,201389.0
2019-11-01,electricity_gas_water_and_waste_services,19659.0
2019-11-01,financial_and_insurance_services,61453.0
2019-11-01,health_care_and_social_assistance,240725.0
2019-11-01,information_media_and_telecommunications,32243.0
2019-11-01,manufacturing,235073.0
2019-11-01,mining,5620.0
2019-11-01,other_services,73553.0
2019-11-01,professional_scientific_and_technical_services,170455.0
2019-11-01,public_administration_and_safety,138621.0
2019-11-01,rental_hiring_and_real_estate_services,35647.0
2019-11-01,retail_trade,212947.0
2019-11-01,transport_postal_and_warehousing,95223.0
2019-11-01,wholesale_trade,114064.0
2019-12-01,accommodation_and_food_services,154641.0
2019-12-01,administrative_and_support_services,103044.0
2019-12-01,agriculture_forestry_and_fishing,112040.0
2019-12-01,arts_and_recreation_services,43763.0
2019-12-01,construction,176266.0
2019-12-01,education_and_training,201978.0
2019-12-01,electricity_gas_water_and_waste_services,19760.0
2019-12-01,financial_and_insurance_services,61617.0
2019-12-01,health_care_and_social_assistance,240770.0
2019-12-01,information_media_and_telecommunications,32076.0
2019-12-01,manufacturing,238109.0
2019-12-01,mining,5614.0
2019-12-01,other_services,73853.0
2019-12-01,professional_scientific_and_technical_services,171211.0
2019-12-01,public_administration_and_safety,139939.0
2019-12-01,rental_hiring_and_real_estate_services,36188.0
2019-12-01,retail_trade,219592.0
2019-12-01,transport_postal_and_warehousing,95558.0
2019-12-01,wholesale_trade,114675.0
2020-01-01,accommodation_and_food_services,149894.0
2020-01-01,administrative_and_support_services,98014.0
2020-01-01,agriculture_forestry_and_fishing,108667.0
2020-01-01,arts_and_recreation_services,41787.0
2020-01-01,construction,172636.0
2020-01-01,education_and_training,188320.0
2020-01-01,electricity_gas_water_and_waste_services,19785.0
2020-01-01,financial_and_insurance_services,61470.0
2020-01-01,health_care_and_social_assistance,236795.0
2020-01-01,information_media_and_telecommunications,31812.0
2020-01-01,manufacturing,234708.0
2020-01-01,mining,5695.0
2020-01-01,other_services,72007.0
2020-01-01,professional_scientific_and_technical_services,168783.0
2020-01-01,public_administration_and_safety,139033.0
2020-01-01,rental_hiring_and_real_estate_services,35494.0
2020-01-01,retail_trade,212380.0
2020-01-01,transport_postal_and_warehousing,94021.0
2020-01-01,wholesale_trade,112848.0
2020-02-01,accommodation_and_food_services,152502.0
2020-02-01,administrative_and_support_services,102987.0
2020-02-01,agriculture_forestry_and_fishing,106052.0
2020-02-01,arts_and_recreation_services,43054.0
2020-02-01,construction,177120.0
2020-02-01,education_and_training,193304.0
2020-02-01,electricity_gas_water_and_waste_services,20175.0
2020-02-01,financial_and_insurance_services,61955.0
2020-02-01,health_care_and_social_assistance,240264.0
2020-02-01,information_media_and_telecommunications,32130.0
2020-02-01,manufacturing,237359.0
2020-02-01,mining,5410.0
2020-02-01,other_services,73624.0
2020-02-01,professional_scientific_and_technical_services,171509.0
2020-02-01,public_administration_and_safety,141290.0
2020-02-01,rental_hiring_and_real_estate_services,35892.0
2020-02-01,retail_trade,209960.0
2020-02-01,transport_postal_and_warehousing,94466.0
2020-02-01,wholesale_trade,113300.0
2020-03-01,accommodation_and_food_services,150439.0
2020-03-01,administrative_and_support_services,107313.0
2020-03-01,agriculture_forestry_and_fishing,103340.0
2020-03-01,arts_and_recreation_services,41818.0
2020-03-01,construction,178002.0
2020-03-01,education_and_training,199456.0
2020-03-01,electricity_gas_water_and_waste_services,19724.0
2020-03-01,financial_and_insurance_services,61887.0
2020-03-01,health_care_and_social_assistance,242151.0
2020-03-01,information_media_and_telecommunications,31854.0
2020-03-01,manufacturing,235866.0
2020-03-01,mining,5820.0
2020-03-01,other_services,74028.0
2020-03-01,professional_scientific_and_technical_services,171416.0
2020-03-01,public_administration_and_safety,140672.0
2020-03-01,rental_hiring_and_real_estate_services,35703.0
2020-03-01,retail_trade,208036.0
2020-03-01,transport_postal_and_warehousing,94214.0
2020-03-01,wholesale_trade,113712.0
2020-04-01,accommodation_and_food_services,145285.0
2020-04-01,administrative_and_support_services,107976.0
2020-04-01,agriculture_forestry_and_fishing,98787.0
2020-04-01,arts_and_recreation_services,39789.0
2020-04-01,construction,176480.0
2020-04-01,education_and_training,197366.0
2020-04-01,electricity_gas_water_and_waste_services,19964.0
2020-04-01,financial_and_insurance_services,62417.0
2020-04-01,health_care_and_social_assistance,238867.0
2020-04-01,information_media_and_telecommunications,31013.0
2020-04-01,manufacturing,232510.0
2020-04-01,mining,5320.0
2020-04-01,other_services,71914.0
2020-04-01,professional_scientific_and_technical_services,168404.0
2020-04-01,public_administration_and_safety,139912.0
2020-04-01,rental_hiring_and_real_estate_services,34429.0
2020-04-01,retail_trade,207248.0
2020-04-01,transport_postal_and_warehousing,91471.0
2020-04-01,wholesale_trade,111560.0
2020-05-01,accommodation_and_food_services,146918.0
2020-05-01,administrative_and_support_services,111779.0
2020-05-01,agriculture_forestry_and_fishing,99875.0
2020-05-01,arts_and_recreation_services,39338.0
2020-05-01,construction,180117.0
2020-05-01,education_and_training,196389.0
2020-05-01,electricity_gas_water_and_waste_services,20060.0
2020-05-01,financial_and_insurance_services,62348.0
2020-05-01,health_care_and_social_assistance,239716.0
2020-05-01,information_media_and_telecommunications,30521.0
2020-05-01,manufacturing,232974.0
2020-05-01,mining,5353.0
2020-05-01,other_services,73185.0
2020-05-01,professional_scientific_and_technical_services,168920.0
2020-05-01,public_administration_and_safety,140267.0
2020-05-01,rental_hiring_and_real_estate_services,34813.0
2020-05-01,retail_trade,208654.0
2020-05-01,transport_postal_and_warehousing,92514.0
2020-05-01,wholesale_trade,111381.0
2020-06-01,accommodation_and_food_services,147447.0
2020-06-01,administrative_and_support_services,105700.0
2020-06-01,agriculture_forestry_and_fishing,98225.0
2020-06-01,arts_and_recreation_services,40135.0
2020-06-01,construction,180994.0
2020-06-01,education_and_training,197650.0
2020-06-01,electricity_gas_water_and_waste_services,20153.0
2020-06-01,financial_and_insurance_services,62691.0
2020-06-01,health_care_and_social_assistance,242087.0
2020-06-01,information_media_and_telecommunications,31093.0
2020-06-01,manufacturing,232006.0
2020-06-01,mining,5314.0
2020-06-01,other_services,73867.0
2020-06-01,professional_scientific_and_technical_services,169396.0
2020-06-01,public_administration_and_safety,141408.0
2020-06-01,rental_hiring_and_real_estate_services,34921.0
2020-06-01,retail_trade,207912.0
2020-06-01,transport_postal_and_warehousing,91187.0
2020-06-01,wholesale_trade,110890.0
2020-07-01,accommodation_and_food_services,146567.0
2020-07-01,administrative_and_support_services,99088.0
2020-07-01,agriculture_forestry_and_fishing,97621.0
2020-07-01,arts_and_recreation_services,41249.0
2020-07-01,construction,180387.0
2020-07-01,education_and_training,194338.0
2020-07-01,electricity_gas_water_and_waste_services,20259.0
2020-07-01,financial_and_insurance_services,62646.0
2020-07-01,health_care_and_social_assistance,243248.0
2020-07-01,information_media_and_telecommunications,31116.0
2020-07-01,manufacturing,229818.0
2020-07-01,mining,5316.0
2020-07-01,other_services,73705.0
2020-07-01,professional_scientific_and_technical_services,169150.0
2020-07-01,public_administration_and_safety,142725.0
2020-07-01,rental_hiring_and_real_estate_services,34459.0
2020-07-01,retail_trade,206181.0
2020-07-01,transport_postal_and_warehousing,88031.0
2020-07-01,wholesale_trade,110423.0
2020-08-01,accommodation_and_food_services,144737.0
2020-08-01,administrative_and_support_services,97893.0
2020-08-01,agriculture_forestry_and_fishing,99639.0
2020-08-01,arts_and_recreation_services,40824.0
2020-08-01,construction,180621.0
2020-08-01,education_and_training,200750.0
2020-08-01,electricity_gas_water_and_waste_services,20322.0
2020-08-01,financial_and_insurance_services,62855.0
2020-08-01,health_care_and_social_assistance,243101.0
2020-08-01,information_media_and_telecommunications,30554.0
2020-08-01,manufacturing,225293.0
2020-08-01,mining,5463.0
2020-08-01,other_services,74112.0
2020-08-01,professional_scientific_and_technical_services,169214.0
2020-08-01,public_administration_and_safety,143995.0
2020-08-01,rental_hiring_and_real_estate_services,34277.0
2020-08-01,retail_trade,205226.0
2020-08-01,transport_postal_and_warehousing,88206.0
2020-08-01,wholesale_trade,109708.0
2020-09-01,accommodation_and_food_services,141506.0
2020-09-01,administrative_and_support_services,96108.0
2020-09-01,agriculture_forestry_and_fishing,99085.0
2020-09-01,arts_and_recreation_services,39323.0
2020-09-01,construction,180825.0
2020-09-01,education_and_training,201532.0
2020-09-01,electricity_gas_water_and_waste_services,20405.0
2020-09-01,financial_and_insurance_services,63851.0
2020-09-01,health_care_and_social_assistance,245011.0
2020-09-01,information_media_and_telecommunications,30724.0
2020-09-01,manufacturing,224521.0
2020-09-01,mining,5303.0
2020-09-01,other_services,74132.0
2020-09-01,professional_scientific_and_technical_services,169399.0
2020-09-01,public_administration_and_safety,149245.0
2020-09-01,rental_hiring_and_real_estate_services,34249.0
2020-09-01,retail_trade,205082.0
2020-09-01,transport_postal_and_warehousing,86586.0
2020-09-01,wholesale_trade,109485.0
2020-10-01,accommodation_and_food_services,143411.0
2020-10-01,administrative_and_support_services,96914.0
2020-10-01,agriculture_forestry_and_fishing,102421.0
2020-10-01,arts_and_recreation_services,39982.0
2020-10-01,construction,181487.0
2020-10-01,education_and_training,200036.0
2020-10-01,electricity_gas_water_and_waste_services,20446.0
2020-10-01,financial_and_insurance_services,63472.0
2020-10-01,health_care_and_social_assistance,245298.0
2020-10-01,information_media_and_telecommunications,30577.0
2020-10-01,manufacturing,225744.0
2020-10-01,mining,5288.0
2020-10-01,other_services,74505.0
2020-10-01,professional_scientific_and_technical_services,169522.0
2020-10-01,public_administration_and_safety,163213.0
2020-10-01,rental_hiring_and_real_estate_services,34585.0
2020-10-01,retail_trade,206622.0
2020-10-01,transport_postal_and_warehousing,86416.0
2020-10-01,wholesale_trade,109667.0
2020-11-01,accommodation_and_food_services,144575.0
2020-11-01,administrative_and_support_services,97922.0
2020-11-01,agriculture_forestry_and_fishing,109371.0
2020-11-01,arts_and_recreation_services,40447.0
2020-11-01,construction,183586.0
2020-11-01,education_and_training,202586.0
2020-11-01,electricity_gas_water_and_waste_services,20538.0
2020-11-01,financial_and_insurance_services,63841.0
2020-11-01,health_care_and_social_assistance,247410.0
2020-11-01,information_media_and_telecommunications,30481.0
2020-11-01,manufacturing,230711.0
2020-11-01,mining,5375.0
2020-11-01,other_services,75351.0
2020-11-01,professional_scientific_and_technical_services,171778.0
2020-11-01,public_administration_and_safety,147148.0
2020-11-01,rental_hiring_and_real_estate_services,34887.0
2020-11-01,retail_trade,211368.0
2020-11-01,transport_postal_and_warehousing,88229.0
2020-11-01,wholesale_trade,110821.0
2020-12-01,accommodation_and_food_services,146941.0
2020-12-01,administrative_and_support_services,97431.0
2020-12-01,agriculture_forestry_and_fishing,116468.0
2020-12-01,arts_and_recreation_services,41058.0
2020-12-01,construction,184990.0
2020-12-01,education_and_training,205329.0
2020-12-01,electricity_gas_water_and_waste_services,20810.0
2020-12-01,financial_and_insurance_services,65262.0
2020-12-01,health_care_and_social_assistance,247758.0
2020-12-01,information_media_and_telecommunications,30388.0
2020-12-01,manufacturing,235330.0
2020-12-01,mining,5458.0
2020-12-01,other_services,76167.0
2020-12-01,professional_scientific_and_technical_services,173198.0
2020-12-01,public_administration_and_safety,146031.0
2020-12-01,rental_hiring_and_real_estate_services,35486.0
2020-12-01,retail_trade,217939.0
2020-12-01,transport_postal_and_warehousing,89330.0
2020-12-01,wholesale_trade,112243.0
2021-01-01,accommodation_and_food_services,143237.0
2021-01-01,administrative_and_support_services,91913.0
2021-01-01,agriculture_forestry_and_fishing,110698.0
2021-01-01,arts_and_recreation_services,39313.0
2021-01-01,construction,182624.0
2021-01-01,education_and_training,188498.0
2021-01-01,electricity_gas_water_and_waste_services,20830.0
2021-01-01,financial_and_insurance_services,63783.0
2021-01-01,health_care_and_social_assistance,246207.0
2021-01-01,information_media_and_telecommunications,30297.0
2021-01-01,manufacturing,231654.0
2021-01-01,mining,5407.0
2021-01-01,other_services,74363.0
2021-01-01,professional_scientific_and_technical_services,171023.0
2021-01-01,public_administration_and_safety,145012.0
2021-01-01,rental_hiring_and_real_estate_services,35171.0
2021-01-01,retail_trade,211247.0
2021-01-01,transport_postal_and_warehousing,84823.0
2021-01-01,wholesale_trade,110606.0
2021-02-01,accommodation_and_food_services,144440.0
2021-02-01,administrative_and_support_services,95069.0
2021-02-01,agriculture_forestry_and_fishing,107482.0
2021-02-01,arts_and_recreation_services,39872.0
2021-02-01,construction,187146.0
2021-02-01,education_and_training,193371.0
2021-02-01,electricity_gas_water_and_waste_services,20924.0
2021-02-01,financial_and_insurance_services,64341.0
2021-02-01,health_care_and_social_assistance,250742.0
2021-02-01,information_media_and_telecommunications,34582.0
2021-02-01,manufacturing,232312.0
2021-02-01,mining,5486.0
2021-02-01,other_services,75846.0
2021-02-01,professional_scientific_and_technical_services,173429.0
2021-02-01,public_administration_and_safety,144008.0
2021-02-01,rental_hiring_and_real_estate_services,35490.0
2021-02-01,retail_trade,208117.0
2021-02-01,transport_postal_and_warehousing,87287.0
2021-02-01,wholesale_trade,111819.0
2021-03-01,accommodation_and_food_services,144263.0
2021-03-01,administrative_and_support_services,102298.0
2021-03-01,agriculture_forestry_and_fishing,105221.0
2021-03-01,arts_and_recreation_services,40012.0
2021-03-01,construction,187930.0
2021-03-01,education_and_training,199745.0
2021-03-01,electricity_gas_water_and_waste_services,20745.0
2021-03-01,financial_and_insurance_services,64467.0
2021-03-01,health_care_and_social_assistance,251001.0
2021-03-01,information_media_and_telecommunications,31708.0
2021-03-01,manufacturing,231778.0
2021-03-01,mining,5550.0
2021-03-01,other_services,76297.0
2021-03-01,professional_scientific_and_technical_services,174338.0
2021-03-01,public_administration_and_safety,147450.0
2021-03-01,rental_hiring_and_real_estate_services,35682.0
2021-03-01,retail_trade,206924.0
2021-03-01,transport_postal_and_warehousing,87859.0
2021-03-01,wholesale_trade,112395.0
2021-04-01,accommodation_and_food_services,144437.0
2021-04-01,administrative_and_support_services,105471.0
2021-04-01,agriculture_forestry_and_fishing,101950.0
2021-04-01,arts_and_recreation_services,39717.0
2021-04-01,construction,189032.0
2021-04-01,education_and_training,200459.0
2021-04-01,electricity_gas_water_and_waste_services,20805.0
2021-04-01,financial_and_insurance_services,64098.0
2021-04-01,health_care_and_social_assistance,252905.0
2021-04-01,information_media_and_telecommunications,31539.0
2021-04-01,manufacturing,232342.0
2021-04-01,mining,5518.0
2021-04-01,other_services,76164.0
2021-04-01,professional_scientific_and_technical_services,176899.0
2021-04-01,public_administration_and_safety,147118.0
2021-04-01,rental_hiring_and_real_estate_services,35849.0
2021-04-01,retail_trade,207052.0
2021-04-01,transport_postal_and_warehousing,88166.0
2021-04-01,wholesale_trade,112206.0
2021-05-01,accommodation_and_food_services,145757.0
2021-05-01,administrative_and_support_services,105438.0
2021-05-01,agriculture_forestry_and_fishing,99379.0
2021-05-01,arts_and_recreation_services,39672.0
2021-05-01,construction,191134.0
2021-05-01,education_and_training,202555.0
2021-05-01,electricity_gas_water_and_waste_services,20858.0
2021-05-01,financial_and_insurance_services,64164.0
2021-05-01,health_care_and_social_assistance,254369.0
2021-05-01,information_media_and_telecommunications,31699.0
2021-05-01,manufacturing,231428.0
2021-05-01,mining,5379.0
2021-05-01,other_services,76855.0
2021-05-01,professional_scientific_and_technical_services,178199.0
2021-05-01,public_administration_and_safety,146413.0
2021-05-01,rental_hiring_and_real_estate_services,35927.0
2021-05-01,retail_trade,207214.0
2021-05-01,transport_postal_and_warehousing,87984.0
2021-05-01,wholesale_trade,112106.0
2021-06-01,accommodation_and_food_services,146744.0
2021-06-01,administrative_and_support_services,103878.0
2021-06-01,agriculture_forestry_and_fishing,96369.0
2021-06-01,arts_and_recreation_services,40944.0
2021-06-01,construction,192112.0
2021-06-01,education_and_training,203948.0
2021-06-01,electricity_gas_water_and_waste_services,21069.0
2021-06-01,financial_and_insurance_services,65044.0
2021-06-01,health_care_and_social_assistance,255422.0
2021-06-01,information_media_and_telecommunications,31668.0
2021-06-01,manufacturing,231888.0
2021-06-01,mining,5464.0
2021-06-01,other_services,77302.0
2021-06-01,professional_scientific_and_technical_services,179118.0
2021-06-01,public_administration_and_safety,146929.0
2021-06-01,rental_hiring_and_real_estate_services,36841.0
2021-06-01,retail_trade,208768.0
2021-06-01,transport_postal_and_warehousing,88116.0
2021-06-01,wholesale_trade,112506.0
2021-07-01,accommodation_and_food_services,147389.0
2021-07-01,administrative_and_support_services,99097.0
2021-07-01,agriculture_forestry_and_fishing,96780.0
2021-07-01,arts_and_recreation_services,41857.0
2021-07-01,construction,192411.0
2021-07-01,education_and_training,199600.0
2021-07-01,electricity_gas_water_and_waste_services,21038.0
2021-07-01,financial_and_insurance_services,66505.0
2021-07-01,health_care_and_social_assistance,257506.0
2021-07-01,information_media_and_telecommunications,31741.0
2021-07-01,manufacturing,232043.0
2021-07-01,mining,5449.0
2021-07-01,other_services,77593.0
2021-07-01,professional_scientific_and_technical_services,180577.0
2021-07-01,public_administration_and_safety,146995.0
2021-07-01,rental_hiring_and_real_estate_services,36510.0
2021-07-01,retail_trade,208615.0
2021-07-01,transport_postal_and_warehousing,87587.0
2021-07-01,wholesale_trade,112973.0
2021-08-01,accommodation_and_food_services,150959.0
2021-08-01,administrative_and_support_services,99387.0
2021-08-01,agriculture_forestry_and_fishing,98502.0
2021-08-01,arts_and_recreation_services,42010.0
2021-08-01,construction,193113.0
2021-08-01,education_and_training,204269.0
2021-08-01,electricity_gas_water_and_waste_services,21067.0
2021-08-01,financial_and_insurance_services,65757.0
2021-08-01,health_care_and_social_assistance,259717.0
2021-08-01,information_media_and_telecommunications,31324.0
2021-08-01,manufacturing,228625.0
2021-08-01,mining,5422.0
2021-08-01,other_services,78010.0
2021-08-01,professional_scientific_and_technical_services,180776.0
2021-08-01,public_administration_and_safety,148036.0
2021-08-01,rental_hiring_and_real_estate_services,36170.0
2021-08-01,retail_trade,210241.0
2021-08-01,transport_postal_and_warehousing,87889.0
2021-08-01,wholesale_trade,112687.0
2021-09-01,accommodation_and_food_services,151016.0
2021-09-01,administrative_and_support_services,99422.0
2021-09-01,agriculture_forestry_and_fishing,99248.0
2021-09-01,arts_and_recreation_services,41776.0
2021-09-01,construction,194480.0
2021-09-01,education_and_training,205207.0
2021-09-01,electricity_gas_water_and_waste_services,21082.0
2021-09-01,financial_and_insurance_services,66143.0
2021-09-01,health_care_and_social_assistance,259259.0
2021-09-01,information_media_and_telecommunications,29864.0
2021-09-01,manufacturing,228126.0
2021-09-01,mining,5495.0
2021-09-01,other_services,78240.0
2021-09-01,professional_scientific_and_technical_services,181850.0
2021-09-01,public_administration_and_safety,149659.0
2021-09-01,rental_hiring_and_real_estate_services,36006.0
2021-09-01,retail_trade,210899.0
2021-09-01,transport_postal_and_warehousing,87582.0
2021-09-01,wholesale_trade,112289.0
2021-10-01,accommodation_and_food_services,150868.0
2021-10-01,administrative_and_support_services,101440.0
2021-10-01,agriculture_forestry_and_fishing,103410.0
2021-10-01,arts_and_recreation_services,40599.0
2021-10-01,construction,196937.0
2021-10-01,education_and_training,203496.0
2021-10-01,electricity_gas_water_and_waste_services,21153.0
2021-10-01,financial_and_insurance_services,66764.0
2021-10-01,health_care_and_social_assistance,260422.0
2021-10-01,information_media_and_telecommunications,30327.0
2021-10-01,manufacturing,230322.0
2021-10-01,mining,5548.0
2021-10-01,other_services,78723.0
2021-10-01,professional_scientific_and_technical_services,183534.0
2021-10-01,public_administration_and_safety,150668.0
2021-10-01,rental_hiring_and_real_estate_services,36600.0
2021-10-01,retail_trade,213430.0
2021-10-01,transport_postal_and_warehousing,88692.0
2021-10-01,wholesale_trade,113407.0
2021-11-01,accommodation_and_food_services,152237.0
2021-11-01,administrative_and_support_services,103569.0
2021-11-01,agriculture_forestry_and_fishing,109016.0
2021-11-01,arts_and_recreation_services,39680.0
2021-11-01,construction,199559.0
2021-11-01,education_and_training,203072.0
2021-11-01,electricity_gas_water_and_waste_services,21399.0
2021-11-01,financial_and_insurance_services,67317.0
2021-11-01,health_care_and_social_assistance,260356.0
2021-11-01,information_media_and_telecommunications,30758.0
2021-11-01,manufacturing,234462.0
2021-11-01,mining,5509.0
2021-11-01,other_services,79514.0
2021-11-01,professional_scientific_and_technical_services,185965.0
2021-11-01,public_administration_and_safety,152239.0
2021-11-01,rental_hiring_and_real_estate_services,37105.0
2021-11-01,retail_trade,221629.0
2021-11-01,transport_postal_and_warehousing,90268.0
2021-11-01,wholesale_trade,114817.0
2021-12-01,accommodation_and_food_services,151729.0
2021-12-01,administrative_and_support_services,103983.0
2021-12-01,agriculture_forestry_and_fishing,113487.0
2021-12-01,arts_and_recreation_services,39571.0
2021-12-01,construction,200201.0
2021-12-01,education_and_training,199635.0
2021-12-01,electricity_gas_water_and_waste_services,21646.0
2021-12-01,financial_and_insurance_services,67693.0
2021-12-01,health_care_and_social_assistance,259504.0
2021-12-01,information_media_and_telecommunications,31133.0
2021-12-01,manufacturing,238132.0
2021-12-01,mining,5576.0
2021-12-01,other_services,79834.0
2021-12-01,professional_scientific_and_technical_services,187367.0
2021-12-01,public_administration_and_safety,153223.0
2021-12-01,rental_hiring_and_real_estate_services,37450.0
2021-12-01,retail_trade,227725.0
2021-12-01,transport_postal_and_warehousing,90883.0
2021-12-01,wholesale_trade,116116.0
2022-01-01,accommodation_and_food_services,145416.0
2022-01-01,administrative_and_support_services,97861.0
2022-01-01,agriculture_forestry_and_fishing,109679.0
2022-01-01,arts_and_recreation_services,38063.0
2022-01-01,construction,196741.0
2022-01-01,education_and_training,197532.0
2022-01-01,electricity_gas_water_and_waste_services,21693.0
2022-01-01,financial_and_insurance_services,67090.0
2022-01-01,health_care_and_social_assistance,255413.0
2022-01-01,information_media_and_telecommunications,30720.0
2022-01-01,manufacturing,234206.0
2022-01-01,mining,5516.0
2022-01-01,other_services,77721.0
2022-01-01,professional_scientific_and_technical_services,185788.0
2022-01-01,public_administration_and_safety,151569.0
2022-01-01,rental_hiring_and_real_estate_services,36612.0
2022-01-01,retail_trade,219580.0
2022-01-01,transport_postal_and_warehousing,89415.0
2022-01-01,wholesale_trade,113939.0
2022-02-01,accommodation_and_food_services,143997.0
2022-02-01,administrative_and_support_services,101002.0
2022-02-01,agriculture_forestry_and_fishing,105990.0
2022-02-01,arts_and_recreation_services,38107.0
2022-02-01,construction,200776.0
2022-02-01,education_and_training,193916.0
2022-02-01,electricity_gas_water_and_waste_services,21685.0
2022-02-01,financial_and_insurance_services,67700.0
2022-02-01,health_care_and_social_assistance,259470.0
2022-02-01,information_media_and_telecommunications,30977.0
2022-02-01,manufacturing,237908.0
2022-02-01,mining,5520.0
2022-02-01,other_services,78626.0
2022-02-01,professional_scientific_and_technical_services,189014.0
2022-02-01,public_administration_and_safety,152930.0
2022-02-01,rental_hiring_and_real_estate_services,36903.0
2022-02-01,retail_trade,215830.0
2022-02-01,transport_postal_and_warehousing,88877.0
2022-02-01,wholesale_trade,114499.0
2022-03-01,accommodation_and_food_services,140426.0
2022-03-01,administrative_and_support_services,105498.0
2022-03-01,agriculture_forestry_and_fishing,104304.0
2022-03-01,arts_and_recreation_services,37653.0
2022-03-01,construction,200768.0
2022-03-01,education_and_training,197021.0
2022-03-01,electricity_gas_water_and_waste_services,21666.0
2022-03-01,financial_and_insurance_services,68129.0
2022-03-01,health_care_and_social_assistance,259366.0
2022-03-01,information_media_and_telecommunications,30850.0
2022-03-01,manufacturing,236388.0
2022-03-01,mining,5568.0
2022-03-01,other_services,78689.0
2022-03-01,professional_scientific_and_technical_services,189191.0
2022-03-01,public_administration_and_safety,152901.0
2022-03-01,rental_hiring_and_real_estate_services,36911.0
2022-03-01,retail_trade,213430.0
2022-03-01,transport_postal_and_warehousing,89242.0
2022-03-01,wholesale_trade,114755.0
2022-04-01,accommodation_and_food_services,140999.0
2022-04-01,administrative_and_support_services,109360.0
2022-04-01,agriculture_forestry_and_fishing,102556.0
2022-04-01,arts_and_recreation_services,37727.0
2022-04-01,construction,201280.0
2022-04-01,education_and_training,198363.0
2022-04-01,electricity_gas_water_and_waste_services,21974.0
2022-04-01,financial_and_insurance_services,68414.0
2022-04-01,health_care_and_social_assistance,259687.0
2022-04-01,information_media_and_telecommunications,31056.0
2022-04-01,manufacturing,235723.0
2022-04-01,mining,5632.0
2022-04-01,other_services,78682.0
2022-04-01,professional_scientific_and_technical_services,191075.0
2022-04-01,public_administration_and_safety,152315.0
2022-04-01,rental_hiring_and_real_estate_services,37071.0
2022-04-01,retail_trade,213709.0
2022-04-01,transport_postal_and_warehousing,89806.0
2022-04-01,wholesale_trade,115827.0
2022-05-01,accommodation_and_food_services,143026.0
2022-05-01,administrative_and_support_services,109206.0
2022-05-01,agriculture_forestry_and_fishing,100891.0
2022-05-01,arts_and_recreation_services,37926.0
2022-05-01,construction,201076.0
2022-05-01,education_and_training,198566.0
2022-05-01,electricity_gas_water_and_waste_services,22512.0
2022-05-01,financial_and_insurance_services,68150.0
2022-05-01,health_care_and_social_assistance,259266.0
2022-05-01,information_media_and_telecommunications,31648.0
2022-05-01,manufacturing,234138.0
2022-05-01,mining,5663.0
2022-05-01,other_services,79105.0
2022-05-01,professional_scientific_and_technical_services,191558.0
2022-05-01,public_administration_and_safety,151358.0
2022-05-01,rental_hiring_and_real_estate_services,37233.0
2022-05-01,retail_trade,213337.0
2022-05-01,transport_postal_and_warehousing,89891.0
2022-05-01,wholesale_trade,115801.0
2022-06-01,accommodation_and_food_services,145073.0
2022-06-01,administrative_and_support_services,105583.0
2022-06-01,agriculture_forestry_and_fishing,97057.0
2022-06-01,arts_and_recreation_services,39602.0
2022-06-01,construction,200943.0
2022-06-01,education_and_training,201366.0
2022-06-01,electricity_gas_water_and_waste_services,22535.0
2022-06-01,financial_and_insurance_services,68336.0
2022-06-01,health_care_and_social_assistance,260186.0
2022-06-01,information_media_and_telecommunications,31733.0
2022-06-01,manufacturing,234279.0
2022-06-01,mining,5638.0
2022-06-01,other_services,79598.0
2022-06-01,professional_scientific_and_technical_services,190242.0
2022-06-01,public_administration_and_safety,151788.0
2022-06-01,rental_hiring_and_real_estate_services,37208.0
2022-06-01,retail_trade,213570.0
2022-06-01,transport_postal_and_warehousing,91242.0
2022-06-01,wholesale_trade,115786.0
2022-07-01,accommodation_and_food_services,145770.0
2022-07-01,administrative_and_support_services,102326.0
2022-07-01,agriculture_forestry_and_fishing,96495.0
2022-07-01,arts_and_recreation_services,40989.0
2022-07-01,construction,201679.0
2022-07-01,education_and_training,199218.0
2022-07-01,electricity_gas_water_and_waste_services,22532.0
2022-07-01,financial_and_insurance_services,68722.0
2022-07-01,health_care_and_social_assistance,259779.0
2022-07-01,information_media_and_telecommunications,31977.0
2022-07-01,manufacturing,234736.0
2022-07-01,mining,5589.0
2022-07-01,other_services,79808.0
2022-07-01,professional_scientific_and_technical_services,190379.0
2022-07-01,public_administration_and_safety,151139.0
2022-07-01,rental_hiring_and_real_estate_services,37061.0
2022-07-01,retail_trade,215021.0
2022-07-01,transport_postal_and_warehousing,91365.0
2022-07-01,wholesale_trade,116331.0
2022-08-01,accommodation_and_food_services,148522.0
2022-08-01,administrative_and_support_services,102100.0
2022-08-01,agriculture_forestry_and_fishing,97941.0
2022-08-01,arts_and_recreation_services,41483.0
2022-08-01,construction,201142.0
2022-08-01,education_and_training,203552.0
2022-08-01,electricity_gas_water_and_waste_services,21985.0
2022-08-01,financial_and_insurance_services,69018.0
2022-08-01,health_care_and_social_assistance,259735.0
2022-08-01,information_media_and_telecommunications,32158.0
2022-08-01,manufacturing,232955.0
2022-08-01,mining,5585.0
2022-08-01,other_services,79856.0
2022-08-01,professional_scientific_and_technical_services,191278.0
2022-08-01,public_administration_and_safety,152869.0
2022-08-01,rental_hiring_and_real_estate_services,37035.0
2022-08-01,retail_trade,215015.0
2022-08-01,transport_postal_and_warehousing,92005.0
2022-08-01,wholesale_trade,115878.0
2022-09-01,accommodation_and_food_services,150592.0
2022-09-01,administrative_and_support_services,102224.0
2022-09-01,agriculture_forestry_and_fishing,98144.0
2022-09-01,arts_and_recreation_services,41725.0
2022-09-01,construction,201342.0
2022-09-01,education_and_training,205247.0
2022-09-01,electricity_gas_water_and_waste_services,22093.0
2022-09-01,financial_and_insurance_services,69007.0
2022-09-01,health_care_and_social_assistance,260809.0
2022-09-01,information_media_and_telecommunications,32700.0
2022-09-01,manufacturing,232411.0
2022-09-01,mining,5607.0
2022-09-01,other_services,79743.0
2022-09-01,professional_scientific_and_technical_services,192300.0
2022-09-01,public_administration_and_safety,152742.0
2022-09-01,rental_hiring_and_real_estate_services,37195.0
2022-09-01,retail_trade,215611.0
2022-09-01,transport_postal_and_warehousing,91288.0
2022-09-01,wholesale_trade,116501.0
2022-10-01,accommodation_and_food_services,152934.0
2022-10-01,administrative_and_support_services,102704.0
2022-10-01,agriculture_forestry_and_fishing,100593.0
2022-10-01,arts_and_recreation_services,41794.0
2022-10-01,construction,204112.0
2022-10-01,education_and_training,205539.0
2022-10-01,electricity_gas_water_and_waste_services,22233.0
2022-10-01,financial_and_insurance_services,69398.0
2022-10-01,health_care_and_social_assistance,260646.0
2022-10-01,information_media_and_telecommunications,32593.0
2022-10-01,manufacturing,234293.0
2022-10-01,mining,5678.0
2022-10-01,other_services,79734.0
2022-10-01,professional_scientific_and_technical_services,192708.0
2022-10-01,public_administration_and_safety,153635.0
2022-10-01,rental_hiring_and_real_estate_services,37838.0
2022-10-01,retail_trade,218030.0
2022-10-01,transport_postal_and_warehousing,92388.0
2022-10-01,wholesale_trade,117287.0
2022-11-01,accommodation_and_food_services,155648.0
2022-11-01,administrative_and_support_services,105092.0
2022-11-01,agriculture_forestry_and_fishing,106069.0
2022-11-01,arts_and_recreation_services,41546.0
2022-11-01,construction,205244.0
2022-11-01,education_and_training,204439.0
2022-11-01,electricity_gas_water_and_waste_services,22701.0
2022-11-01,financial_and_insurance_services,69965.0
2022-11-01,health_care_and_social_assistance,262234.0
2022-11-01,information_media_and_telecommunications,32610.0
2022-11-01,manufacturing,238611.0
2022-11-01,mining,5759.0
2022-11-01,other_services,80272.0
2022-11-01,professional_scientific_and_technical_services,194301.0
2022-11-01,public_administration_and_safety,154905.0
2022-11-01,rental_hiring_and_real_estate_services,38304.0
2022-11-01,retail_trade,224490.0
2022-11-01,transport_postal_and_warehousing,93647.0
2022-11-01,wholesale_trade,118104.0
2022-12-01,accommodation_and_food_services,154829.0
2022-12-01,administrative_and_support_services,105156.0
2022-12-01,agriculture_forestry_and_fishing,109286.0
2022-12-01,arts_and_recreation_services,41356.0
2022-12-01,construction,201902.0
2022-12-01,education_and_training,205730.0
2022-12-01,electricity_gas_water_and_waste_services,22594.0
2022-12-01,financial_and_insurance_services,69885.0
2022-12-01,health_care_and_social_assistance,260173.0
2022-12-01,information_media_and_telecommunications,32633.0
2022-12-01,manufacturing,240640.0
2022-12-01,mining,5800.0
2022-12-01,other_services,79861.0
2022-12-01,professional_scientific_and_technical_services,193630.0
2022-12-01,public_administration_and_safety,155861.0
2022-12-01,rental_hiring_and_real_estate_services,38561.0
2022-12-01,retail_trade,227069.0
2022-12-01,transport_postal_and_warehousing,93676.0
2022-12-01,wholesale_trade,118140.0
2023-01-01,accommodation_and_food_services,152637.0
2023-01-01,administrative_and_support_services,101025.0
2023-01-01,agriculture_forestry_and_fishing,107090.0
2023-01-01,arts_and_recreation_services,40263.0
2023-01-01,construction,200607.0
2023-01-01,education_and_training,191317.0
2023-01-01,electricity_gas_water_and_waste_services,22912.0
2023-01-01,financial_and_insurance_services,69608.0
2023-01-01,health_care_and_social_assistance,259368.0
2023-01-01,information_media_and_telecommunications,32448.0
2023-01-01,manufacturing,238638.0
2023-01-01,mining,5740.0
2023-01-01,other_services,78818.0
2023-01-01,professional_scientific_and_technical_services,192356.0
2023-01-01,public_administration_and_safety,154540.0
2023-01-01,rental_hiring_and_real_estate_services,38007.0
2023-01-01,retail_trade,221799.0
2023-01-01,transport_postal_and_warehousing,93270.0
2023-01-01,wholesale_trade,117253.0
2023-02-01,accommodation_and_food_services,156400.0
2023-02-01,administrative_and_support_services,106154.0
2023-02-01,agriculture_forestry_and_fishing,103333.0
2023-02-01,arts_and_recreation_services,41134.0
2023-02-01,construction,205037.0
2023-02-01,education_and_training,196429.0
2023-02-01,electricity_gas_water_and_waste_services,22997.0
2023-02-01,financial_and_insurance_services,70208.0
2023-02-01,health_care_and_social_assistance,266074.0
2023-02-01,information_media_and_telecommunications,32873.0
2023-02-01,manufacturing,240868.0
2023-02-01,mining,5810.0
2023-02-01,other_services,80416.0
2023-02-01,professional_scientific_and_technical_services,195176.0
2023-02-01,public_administration_and_safety,156915.0
2023-02-01,rental_hiring_and_real_estate_services,38042.0
2023-02-01,retail_trade,217936.0
2023-02-01,transport_postal_and_warehousing,93982.0
2023-02-01,wholesale_trade,117976.0
2023-03-01,accommodation_and_food_services,158518.0
2023-03-01,administrative_and_support_services,112761.0
2023-03-01,agriculture_forestry_and_fishing,102991.0
2023-03-01,arts_and_recreation_services,41638.0
2023-03-01,construction,206145.0
2023-03-01,education_and_training,202934.0
2023-03-01,electricity_gas_water_and_waste_services,23020.0
2023-03-01,financial_and_insurance_services,70499.0
2023-03-01,health_care_and_social_assistance,265773.0
2023-03-01,information_media_and_telecommunications,32948.0
2023-03-01,manufacturing,241178.0
2023-03-01,mining,5845.0
2023-03-01,other_services,80518.0
2023-03-01,professional_scientific_and_technical_services,194761.0
2023-03-01,public_administration_and_safety,157275.0
2023-03-01,rental_hiring_and_real_estate_services,38357.0
2023-03-01,retail_trade,215737.0
2023-03-01,transport_postal_and_warehousing,94601.0
2023-03-01,wholesale_trade,117432.0
2023-04-01,accommodation_and_food_services,158526.0
2023-04-01,administrative_and_support_services,117097.0
2023-04-01,agriculture_forestry_and_fishing,101759.0
2023-04-01,arts_and_recreation_services,41583.0
2023-04-01,construction,208684.0
2023-04-01,education_and_training,202367.0
2023-04-01,electricity_gas_water_and_waste_services,22792.0
2023-04-01,financial_and_insurance_services,70777.0
2023-04-01,health_care_and_social_assistance,267497.0
2023-04-01,information_media_and_telecommunications,32926.0
2023-04-01,manufacturing,242214.0
2023-04-01,mining,5877.0
2023-04-01,other_services,80780.0
2023-04-01,professional_scientific_and_technical_services,193875.0
2023-04-01,public_administration_and_safety,158325.0
2023-04-01,rental_hiring_and_real_estate_services,38077.0
2023-04-01,retail_trade,217064.0
2023-04-01,transport_postal_and_warehousing,96511.0
2023-04-01,wholesale_trade,117715.0
2023-05-01,accommodation_and_food_services,158265.0
2023-05-01,administrative_and_support_services,114441.0
2023-05-01,agriculture_forestry_and_fishing,97917.0
2023-05-01,arts_and_recreation_services,41454.0
2023-05-01,construction,207701.0
2023-05-01,education_and_training,206550.0
2023-05-01,electricity_gas_water_and_waste_services,22599.0
2023-05-01,financial_and_insurance_services,71177.0
2023-05-01,health_care_and_social_assistance,267494.0
2023-05-01,information_media_and_telecommunications,33032.0
2023-05-01,manufacturing,239600.0
2023-05-01,mining,5977.0
2023-05-01,other_services,81191.0
2023-05-01,professional_scientific_and_technical_services,193717.0
2023-05-01,public_administration_and_safety,159259.0
2023-05-01,rental_hiring_and_real_estate_services,38135.0
2023-05-01,retail_trade,216847.0
2023-05-01,transport_postal_and_warehousing,97975.0
2023-05-01,wholesale_trade,117310.0
2023-06-01,accommodation_and_food_services,157124.0
2023-06-01,administrative_and_support_services,108859.0
2023-06-01,agriculture_forestry_and_fishing,95451.0
2023-06-01,arts_and_recreation_services,44150.0
2023-06-01,construction,208081.0
2023-06-01,education_and_training,209525.0
2023-06-01,electricity_gas_water_and_waste_services,22740.0
2023-06-01,financial_and_insurance_services,71315.0
2023-06-01,health_care_and_social_assistance,268287.0
2023-06-01,information_media_and_telecommunications,33164.0
2023-06-01,manufacturing,239816.0
2023-06-01,mining,5957.0
2023-06-01,other_services,81175.0
2023-06-01,professional_scientific_and_technical_services,193462.0
2023-06-01,public_administration_and_safety,158819.0
2023-06-01,rental_hiring_and_real_estate_services,38249.0
2023-06-01,retail_trade,219134.0
2023-06-01,transport_postal_and_warehousing,98463.0
2023-06-01,wholesale_trade,117529.0
2023-07-01,accommodation_and_food_services,157862.0
2023-07-01,administrative_and_support_services,105358.0
2023-07-01,agriculture_forestry_and_fishing,96245.0
2023-07-01,arts_and_recreation_services,45883.0
2023-07-01,construction,208376.0
2023-07-01,education_and_training,204716.0
2023-07-01,electricity_gas_water_and_waste_services,22837.0
2023-07-01,financial_and_insurance_services,71239.0
2023-07-01,health_care_and_social_assistance,269324.0
2023-07-01,information_media_and_telecommunications,33082.0
2023-07-01,manufacturing,239239.0
2023-07-01,mining,5945.0
2023-07-01,other_services,81534.0
2023-07-01,professional_scientific_and_technical_services,192425.0
2023-07-01,public_administration_and_safety,159689.0
2023-07-01,rental_hiring_and_real_estate_services,37920.0
2023-07-01,retail_trade,218054.0
2023-07-01,transport_postal_and_warehousing,97811.0
2023-07-01,wholesale_trade,117950.0
2023-08-01,accommodation_and_food_services,158851.0
2023-08-01,administrative_and_support_services,104402.0
2023-08-01,agriculture_forestry_and_fishing,97207.0
2023-08-01,arts_and_recreation_services,45827.0
2023-08-01,construction,207566.0
2023-08-01,education_and_training,209067.0
2023-08-01,electricity_gas_water_and_waste_services,22881.0
2023-08-01,financial_and_insurance_services,71566.0
2023-08-01,health_care_and_social_assistance,269838.0
2023-08-01,information_media_and_telecommunications,33229.0
2023-08-01,manufacturing,235714.0
2023-08-01,mining,5931.0
2023-08-01,other_services,81884.0
2023-08-01,professional_scientific_and_technical_services,190955.0
2023-08-01,public_administration_and_safety,161175.0
2023-08-01,rental_hiring_and_real_estate_services,37788.0
2023-08-01,retail_trade,216786.0
2023-08-01,transport_postal_and_warehousing,98125.0
2023-08-01,wholesale_trade,117083.0
2023-09-01,accommodation_and_food_services,159326.0
2023-09-01,administrative_and_support_services,103319.0
2023-09-01,agriculture_forestry_and_fishing,96631.0
2023-09-01,arts_and_recreation_services,45475.0
2023-09-01,construction,208134.0
2023-09-01,education_and_training,210098.0
2023-09-01,electricity_gas_water_and_waste_services,22970.0
2023-09-01,financial_and_insurance_services,71606.0
2023-09-01,health_care_and_social_assistance,271367.0
2023-09-01,information_media_and_telecommunications,33247.0
2023-09-01,manufacturing,234748.0
2023-09-01,mining,5904.0
2023-09-01,other_services,82230.0
2023-09-01,professional_scientific_and_technical_services,190985.0
2023-09-01,public_administration_and_safety,161804.0
2023-09-01,rental_hiring_and_real_estate_services,37957.0
2023-09-01,retail_trade,217395.0
2023-09-01,transport_postal_and_warehousing,98644.0
2023-09-01,wholesale_trade,117367.0
2023-10-01,accommodation_and_food_services,160327.0
2023-10-01,administrative_and_support_services,101991.0
2023-10-01,agriculture_forestry_and_fishing,100158.0
2023-10-01,arts_and_recreation_services,45280.0
2023-10-01,construction,208669.0
2023-10-01,education_and_training,209487.0
2023-10-01,electricity_gas_water_and_waste_services,23245.0
2023-10-01,financial_and_insurance_services,71763.0
2023-10-01,health_care_and_social_assistance,272823.0
2023-10-01,information_media_and_telecommunications,33541.0
2023-10-01,manufacturing,235134.0
2023-10-01,mining,5934.0
2023-10-01,other_services,82999.0
2023-10-01,professional_scientific_and_technical_services,190669.0
2023-10-01,public_administration_and_safety,175713.0
2023-10-01,rental_hiring_and_real_estate_services,38217.0
2023-10-01,retail_trade,220005.0
2023-10-01,transport_postal_and_warehousing,99159.0
2023-10-01,wholesale_trade,117859.0
2023-11-01,accommodation_and_food_services,161600.0
2023-11-01,administrative_and_support_services,104594.0
2023-11-01,agriculture_forestry_and_fishing,108107.0
2023-11-01,arts_and_recreation_services,45406.0
2023-11-01,construction,210182.0
2023-11-01,education_and_training,209184.0
2023-11-01,electricity_gas_water_and_waste_services,23609.0
2023-11-01,financial_and_insurance_services,72380.0
2023-11-01,health_care_and_social_assistance,275682.0
2023-11-01,information_media_and_telecommunications,34057.0
2023-11-01,manufacturing,238464.0
2023-11-01,mining,5923.0
2023-11-01,other_services,83785.0
2023-11-01,professional_scientific_and_technical_services,191658.0
2023-11-01,public_administration_and_safety,164465.0
2023-11-01,rental_hiring_and_real_estate_services,38826.0
2023-11-01,retail_trade,224761.0
2023-11-01,transport_postal_and_warehousing,100531.0
2023-11-01,wholesale_trade,119336.0
2023-12-01,accommodation_and_food_services,162342.0
2023-12-01,administrative_and_support_services,104146.0
2023-12-01,agriculture_forestry_and_fishing,111116.0
2023-12-01,arts_and_recreation_services,45726.0
2023-12-01,construction,209554.0
2023-12-01,education_and_training,209821.0
2023-12-01,electricity_gas_water_and_waste_services,23662.0
2023-12-01,financial_and_insurance_services,72243.0
2023-12-01,health_care_and_social_assistance,275537.0
2023-12-01,information_media_and_telecommunications,33957.0
2023-12-01,manufacturing,240671.0
2023-12-01,mining,5890.0
2023-12-01,other_services,84035.0
2023-12-01,professional_scientific_and_technical_services,191662.0
2023-12-01,public_administration_and_safety,163638.0
2023-12-01,rental_hiring_and_real_estate_services,39221.0
2023-12-01,retail_trade,227103.0
2023-12-01,transport_postal_and_warehousing,100924.0
2023-12-01,wholesale_trade,120000.0
2024-01-01,accommodation_and_food_services,158164.0
2024-01-01,administrative_and_support_services,100672.0
2024-01-01,agriculture_forestry_and_fishing,109335.0
2024-01-01,arts_and_recreation_services,44637.0
2024-01-01,construction,205315.0
2024-01-01,education_and_training,196092.0
2024-01-01,electricity_gas_water_and_waste_services,23638.0
2024-01-01,financial_and_insurance_services,71483.0
2024-01-01,health_care_and_social_assistance,273633.0
2024-01-01,information_media_and_telecommunications,33681.0
2024-01-01,manufacturing,237575.0
2024-01-01,mining,5884.0
2024-01-01,other_services,82577.0
2024-01-01,professional_scientific_and_technical_services,189692.0
2024-01-01,public_administration_and_safety,162865.0
2024-01-01,rental_hiring_and_real_estate_services,38662.0
2024-01-01,retail_trade,220009.0
2024-01-01,transport_postal_and_warehousing,100103.0
2024-01-01,wholesale_trade,118472.0
2024-02-01,accommodation_and_food_services,160275.0
2024-02-01,administrative_and_support_services,103000.0
2024-02-01,agriculture_forestry_and_fishing,105646.0
2024-02-01,arts_and_recreation_services,45114.0
2024-02-01,construction,208018.0
2024-02-01,education_and_training,202658.0
2024-02-01,electricity_gas_water_and_waste_services,23689.0
2024-02-01,financial_and_insurance_services,71966.0
2024-02-01,health_care_and_social_assistance,277972.0
2024-02-01,information_media_and_telecommunications,33957.0
2024-02-01,manufacturing,238331.0
2024-02-01,mining,5939.0
2024-02-01,other_services,83672.0
2024-02-01,professional_scientific_and_technical_services,191588.0
2024-02-01,public_administration_and_safety,163886.0
2024-02-01,rental_hiring_and_real_estate_services,39129.0
2024-02-01,retail_trade,216724.0
2024-02-01,transport_postal_and_warehousing,100493.0
2024-02-01,wholesale_trade,119039.0
2024-03-01,accommodation_and_food_services,159951.0
2024-03-01,administrative_and_support_services,110404.0
2024-03-01,agriculture_forestry_and_fishing,103749.0
2024-03-01,arts_and_recreation_services,45169.0
2024-03-01,construction,207572.0
2024-03-01,education_and_training,211783.0
2024-03-01,electricity_gas_water_and_waste_services,23774.0
2024-03-01,financial_and_insurance_services,72125.0
2024-03-01,health_care_and_social_assistance,278543.0
2024-03-01,information_media_and_telecommunications,33792.0
2024-03-01,manufacturing,238189.0
2024-03-01,mining,6017.0
2024-03-01,other_services,83907.0
2024-03-01,professional_scientific_and_technical_services,191054.0
2024-03-01,public_administration_and_safety,164089.0
2024-03-01,rental_hiring_and_real_estate_services,39106.0
2024-03-01,retail_trade,214842.0
2024-03-01,transport_postal_and_warehousing,101032.0
2024-03-01,wholesale_trade,119192.0
2024-04-01,accommodation_and_food_services,157969.0
2024-04-01,administrative_and_support_services,112363.0
2024-04-01,agriculture_forestry_and_fishing,101618.0
2024-04-01,arts_and_recreation_services,44905.0
2024-04-01,construction,207010.0
2024-04-01,education_and_training,208559.0
2024-04-01,electricity_gas_water_and_waste_services,23895.0
2024-04-01,financial_and_insurance_services,72600.0
2024-04-01,health_care_and_social_assistance,280816.0
2024-04-01,information_media_and_telecommunications,33020.0
2024-04-01,manufacturing,237970.0
2024-04-01,mining,6045.0
2024-04-01,other_services,83642.0
2024-04-01,professional_scientific_and_technical_services,190820.0
2024-04-01,public_administration_and_safety,163483.0
2024-04-01,rental_hiring_and_real_estate_services,38494.0
2024-04-01,retail_trade,215273.0
2024-04-01,transport_postal_and_warehousing,101647.0
2024-04-01,wholesale_trade,119199.0
2024-05-01,accommodation_and_food_services,156812.0
2024-05-01,administrative_and_support_services,108754.0
2024-05-01,agriculture_forestry_and_fishing,96763.0
2024-05-01,arts_and_recreation_services,44561.0
2024-05-01,construction,205151.0
2024-05-01,education_and_training,210453.0
2024-05-01,electricity_gas_water_and_waste_services,23828.0
2024-05-01,financial_and_insurance_services,72045.0
2024-05-01,health_care_and_social_assistance,280200.0
2024-05-01,information_media_and_telecommunications,32443.0
2024-05-01,manufacturing,235212.0
2024-05-01,mining,6057.0
2024-05-01,other_services,83399.0
2024-05-01,professional_scientific_and_technical_services,190321.0
2024-05-01,public_administration_and_safety,163071.0
2024-05-01,rental_hiring_and_real_estate_services,38282.0
2024-05-01,retail_trade,213507.0
2024-05-01,transport_postal_and_warehousing,100814.0
2024-05-01,wholesale_trade,118555.0
2024-06-01,accommodation_and_food_services,153851.0
2024-06-01,administrative_and_support_services,102907.0
2024-06-01,agriculture_forestry_and_fishing,94347.0
2024-06-01,arts_and_recreation_services,45544.0
2024-06-01,construction,203647.0
2024-06-01,education_and_training,211017.0
2024-06-01,electricity_gas_water_and_waste_services,23901.0
2024-06-01,financial_and_insurance_services,72056.0
2024-06-01,health_care_and_social_assistance,280167.0
2024-06-01,information_media_and_telecommunications,32248.0
2024-06-01,manufacturing,235383.0
2024-06-01,mining,6075.0
2024-06-01,other_services,83076.0
2024-06-01,professional_scientific_and_technical_services,189201.0
2024-06-01,public_administration_and_safety,162467.0
2024-06-01,rental_hiring_and_real_estate_services,38028.0
2024-06-01,retail_trade,213728.0
2024-06-01,transport_postal_and_warehousing,99628.0
2024-06-01,wholesale_trade,117604.0
2024-07-01,accommodation_and_food_services,151698.0
2024-07-01,administrative_and_support_services,98615.0
2024-07-01,agriculture_forestry_and_fishing,95574.0
2024-07-01,arts_and_recreation_services,46228.0
2024-07-01,construction,201774.0
2024-07-01,education_and_training,207630.0
2024-07-01,electricity_gas_water_and_waste_services,23936.0
2024-07-01,financial_and_insurance_services,72305.0
2024-07-01,health_care_and_social_assistance,279768.0
2024-07-01,information_media_and_telecommunications,32507.0
2024-07-01,manufacturing,233908.0
2024-07-01,mining,6096.0
2024-07-01,other_services,82842.0
2024-07-01,professional_scientific_and_technical_services,188021.0
2024-07-01,public_administration_and_safety,161839.0
2024-07-01,rental_hiring_and_real_estate_services,37190.0
2024-07-01,retail_trade,212709.0
2024-07-01,transport_postal_and_warehousing,98685.0
2024-07-01,wholesale_trade,117242.0
2024-08-01,accommodation_and_food_services,154643.0
2024-08-01,administrative_and_support_services,97242.0
2024-08-01,agriculture_forestry_and_fishing,96453.0
2024-08-01,arts_and_recreation_services,46593.0
2024-08-01,construction,199353.0
2024-08-01,education_and_training,211610.0
2024-08-01,electricity_gas_water_and_waste_services,23919.0
2024-08-01,financial_and_insurance_services,72137.0
2024-08-01,health_care_and_social_assistance,279524.0
2024-08-01,information_media_and_telecommunications,32156.0
2024-08-01,manufacturing,228953.0
2024-08-01,mining,6013.0
2024-08-01,other_services,82796.0
2024-08-01,professional_scientific_and_technical_services,187470.0
2024-08-01,public_administration_and_safety,161613.0
2024-08-01,rental_hiring_and_real_estate_services,37364.0
2024-08-01,retail_trade,211642.0
2024-08-01,transport_postal_and_warehousing,99127.0
2024-08-01,wholesale_trade,116754.0
2024-09-01,accommodation_and_food_services,153134.0
2024-09-01,administrative_and_support_services,96689.0
2024-09-01,agriculture_forestry_and_fishing,95999.0
2024-09-01,arts_and_recreation_services,46597.0
2024-09-01,construction,198355.0
2024-09-01,education_and_training,213297.0
2024-09-01,electricity_gas_water_and_waste_services,23833.0
2024-09-01,financial_and_insurance_services,71819.0
2024-09-01,health_care_and_social_assistance,280451.0
2024-09-01,information_media_and_telecommunications,32213.0
2024-09-01,manufacturing,227696.0
2024-09-01,mining,5909.0
2024-09-01,other_services,83020.0
2024-09-01,professional_scientific_and_technical_services,186947.0
2024-09-01,public_administration_and_safety,161658.0
2024-09-01,rental_hiring_and_real_estate_services,37816.0
2024-09-01,retail_trade,212551.0
2024-09-01,transport_postal_and_warehousing,99075.0
2024-09-01,wholesale_trade,116498.0
2024-10-01,accommodation_and_food_services,154537.0
2024-10-01,administrative_and_support_services,95819.0
2024-10-01,agriculture_forestry_and_fishing,101109.0
2024-10-01,arts_and_recreation_services,46415.0
2024-10-01,construction,198058.0
2024-10-01,education_and_training,213036.0
2024-10-01,electricity_gas_water_and_waste_services,24082.0
2024-10-01,financial_and_insurance_services,71977.0
2024-10-01,health_care_and_social_assistance,281156.0
2024-10-01,information_media_and_telecommunications,31340.0
2024-10-01,manufacturing,228398.0
2024-10-01,mining,5910.0
2024-10-01,other_services,83032.0
2024-10-01,professional_scientific_and_technical_services,186424.0
2024-10-01,public_administration_and_safety,161743.0
2024-10-01,rental_hiring_and_real_estate_services,37912.0
2024-10-01,retail_trade,214412.0
2024-10-01,transport_postal_and_warehousing,99227.0
2024-10-01,wholesale_trade,116566.0
2024-11-01,accommodation_and_food_services,158556.0
2024-11-01,administrative_and_support_services,97506.0
2024-11-01,agriculture_forestry_and_fishing,106776.0
2024-11-01,arts_and_recreation_services,46747.0
2024-11-01,construction,198719.0
2024-11-01,education_and_training,216307.0
2024-11-01,electricity_gas_water_and_waste_services,24328.0
2024-11-01,financial_and_insurance_services,72181.0
2024-11-01,health_care_and_social_assistance,281952.0
2024-11-01,information_media_and_telecommunications,31145.0
2024-11-01,manufacturing,231640.0
2024-11-01,mining,6069.0
2024-11-01,other_services,83401.0
2024-11-01,professional_scientific_and_technical_services,187089.0
2024-11-01,public_administration_and_safety,163034.0
2024-11-01,rental_hiring_and_real_estate_services,38188.0
2024-11-01,retail_trade,218914.0
2024-11-01,transport_postal_and_warehousing,99951.0
2024-11-01,wholesale_trade,117143.0
2024-12-01,accommodation_and_food_services,160197.0
2024-12-01,administrative_and_support_services,96973.0
2024-12-01,agriculture_forestry_and_fishing,110203.0
2024-12-01,arts_and_recreation_services,47039.0
2024-12-01,construction,197256.0
2024-12-01,education_and_training,210973.0
2024-12-01,electricity_gas_water_and_waste_services,24461.0
2024-12-01,financial_and_insurance_services,72404.0
2024-12-01,health_care_and_social_assistance,280790.0
2024-12-01,information_media_and_telecommunications,31074.0
2024-12-01,manufacturing,234164.0
2024-12-01,mining,6074.0
2024-12-01,other_services,83393.0
2024-12-01,professional_scientific_and_technical_services,186953.0
2024-12-01,public_administration_and_safety,162660.0
2024-12-01,rental_hiring_and_real_estate_services,38506.0
2024-12-01,retail_trade,222299.0
2024-12-01,transport_postal_and_warehousing,100079.0
2024-12-01,wholesale_trade,118025.0
2025-01-01,accommodation_and_food_services,156194.0
2025-01-01,administrative_and_support_services,93541.0
2025-01-01,agriculture_forestry_and_fishing,107416.0
2025-01-01,arts_and_recreation_services,45589.0
2025-01-01,construction,192533.0
2025-01-01,education_and_training,200041.0
2025-01-01,electricity_gas_water_and_waste_services,24251.0
2025-01-01,financial_and_insurance_services,71939.0
2025-01-01,health_care_and_social_assistance,278404.0
2025-01-01,information_media_and_telecommunications,30971.0
2025-01-01,manufacturing,230549.0
2025-01-01,mining,6038.0
2025-01-01,other_services,81770.0
2025-01-01,professional_scientific_and_technical_services,184179.0
2025-01-01,public_administration_and_safety,161591.0
2025-01-01,rental_hiring_and_real_estate_services,37947.0
2025-01-01,retail_trade,216154.0
2025-01-01,transport_postal_and_warehousing,99017.0
2025-01-01,wholesale_trade,116061.0
2025-02-01,accommodation_and_food_services,158145.0
2025-02-01,administrative_and_support_services,96663.0
2025-02-01,agriculture_forestry_and_fishing,105037.0
2025-02-01,arts_and_recreation_services,46061.0
2025-02-01,construction,195019.0
2025-02-01,education_and_training,204513.0
2025-02-01,electricity_gas_water_and_waste_services,24317.0
2025-02-01,financial_and_insurance_services,72360.0
2025-02-01,health_care_and_social_assistance,281316.0
2025-02-01,information_media_and_telecommunications,30997.0
2025-02-01,manufacturing,231921.0
2025-02-01,mining,6164.0
2025-02-01,other_services,82846.0
2025-02-01,professional_scientific_and_technical_services,186167.0
2025-02-01,public_administration_and_safety,162370.0
2025-02-01,rental_hiring_and_real_estate_services,38016.0
2025-02-01,retail_trade,212885.0
2025-02-01,transport_postal_and_warehousing,99318.0
2025-02-01,wholesale_trade,116488.0
2025-03-01,accommodation_and_food_services,157750.0
2025-03-01,administrative_and_support_services,103539.0
2025-03-01,agriculture_forestry_and_fishing,103672.0
2025-03-01,arts_and_recreation_services,46310.0
2025-03-01,construction,195154.0
2025-03-01,education_and_training,211133.0
2025-03-01,electricity_gas_water_and_waste_services,24187.0
2025-03-01,financial_and_insurance_services,72713.0
2025-03-01,health_care_and_social_assistance,281694.0
2025-03-01,information_media_and_telecommunications,30827.0
2025-03-01,manufacturing,232155.0
2025-03-01,mining,6175.0
2025-03-01,other_services,83054.0
2025-03-01,professional_scientific_and_technical_services,185297.0
2025-03-01,public_administration_and_safety,162491.0
2025-03-01,rental_hiring_and_real_estate_services,38191.0
2025-03-01,retail_trade,210489.0
2025-03-01,transport_postal_and_warehousing,99944.0
2025-03-01,wholesale_trade,116629.0
2025-04-01,accommodation_and_food_services,155201.0
2025-04-01,administrative_and_support_services,105031.0
2025-04-01,agriculture_forestry_and_fishing,101179.0
2025-04-01,arts_and_recreation_services,46013.0
2025-04-01,construction,193999.0
2025-04-01,education_and_training,210394.0
2025-04-01,electricity_gas_water_and_waste_services,23957.0
2025-04-01,financial_and_insurance_services,72375.0
2025-04-01,health_care_and_social_assistance,282002.0
2025-04-01,information_media_and_telecommunications,30635.0
2025-04-01,manufacturing,231914.0
2025-04-01,mining,6158.0
2025-04-01,other_services,82819.0
2025-04-01,professional_scientific_and_technical_services,184802.0
2025-04-01,public_administration_and_safety,162235.0
2025-04-01,rental_hiring_and_real_estate_services,37711.0
2025-04-01,retail_trade,210928.0
2025-04-01,transport_postal_and_warehousing,99612.0
2025-04-01,wholesale_trade,116395.0
2025-05-01,accommodation_and_food_services,153171.0
2025-05-01,administrative_and_support_services,102907.0
2025-05-01,agriculture_forestry_and_fishing,96936.0
2025-05-01,arts_and_recreation_services,45524.0
2025-05-01,construction,192648.0
2025-05-01,education_and_training,212836.0
2025-05-01,electricity_gas_water_and_waste_services,23931.0
2025-05-01,financial_and_insurance_services,72193.0
2025-05-01,health_care_and_social_assistance,282125.0
2025-05-01,information_media_and_telecommunications,30396.0
2025-05-01,manufacturing,229209.0
2025-05-01,mining,6174.0
2025-05-01,other_services,82603.0
2025-05-01,professional_scientific_and_technical_services,184415.0
2025-05-01,public_administration_and_safety,161587.0
2025-05-01,rental_hiring_and_real_estate_services,37549.0
2025-05-01,retail_trade,210064.0
2025-05-01,transport_postal_and_warehousing,99319.0
2025-05-01,wholesale_trade,115604.0
2025-06-01,accommodation_and_food_services,151349.0
2025-06-01,administrative_and_support_services,98029.0
2025-06-01,agriculture_forestry_and_fishing,95323.0
2025-06-01,arts_and_recreation_services,46486.0
2025-06-01,construction,191780.0
2025-06-01,education_and_training,215025.0
2025-06-01,electricity_gas_water_and_waste_services,23912.0
2025-06-01,financial_and_insurance_services,72294.0
2025-06-01,health_care_and_social_assistance,282620.0
2025-06-01,information_media_and_telecommunications,30204.0
2025-06-01,manufacturing,228466.0
2025-06-01,mining,6214.0
2025-06-01,other_services,82467.0
2025-06-01,professional_scientific_and_technical_services,184897.0
2025-06-01,public_administration_and_safety,161360.0
2025-06-01,rental_hiring_and_real_estate_services,37449.0
2025-06-01,retail_trade,210719.0
2025-06-01,transport_postal_and_warehousing,98381.0
2025-06-01,wholesale_trade,115216.0
2025-07-01,accommodation_and_food_services,150769.0
2025-07-01,administrative_and_support_services,94021.0
2025-07-01,agriculture_forestry_and_fishing,96251.0
2025-07-01,arts_and_recreation_services,47437.0
2025-07-01,construction,190728.0
2025-07-01,education_and_training,211881.0
2025-07-01,electricity_gas_water_and_waste_services,23909.0
2025-07-01,financial_and_insurance_services,72647.0
2025-07-01,health_care_and_social_assistance,281744.0
2025-07-01,information_media_and_telecommunications,30047.0
2025-07-01,manufacturing,227006.0
2025-07-01,mining,6230.0
2025-07-01,other_services,82552.0
2025-07-01,professional_scientific_and_technical_services,183196.0
2025-07-01,public_administration_and_safety,161956.0
2025-07-01,rental_hiring_and_real_estate_services,37067.0
2025-07-01,retail_trade,210431.0
2025-07-01,transport_postal_and_warehousing,97880.0
2025-07-01,wholesale_trade,115095.0
2025-08-01,accommodation_and_food_services,151001.0
2025-08-01,administrative_and_support_services,94278.0
2025-08-01,agriculture_forestry_and_fishing,97743.0
2025-08-01,arts_and_recreation_services,47402.0
2025-08-01,construction,189713.0
2025-08-01,education_and_training,215707.0
2025-08-01,electricity_gas_water_and_waste_services,23941.0
2025-08-01,financial_and_insurance_services,72493.0
2025-08-01,health_care_and_social_assistance,282842.0
2025-08-01,information_media_and_telecommunications,30056.0
2025-08-01,manufacturing,223354.0
2025-08-01,mining,6202.0
2025-08-01,other_services,82485.0
2025-08-01,professional_scientific_and_technical_services,182375.0
2025-08-01,public_administration_and_safety,161909.0
2025-08-01,rental_hiring_and_real_estate_services,36864.0
2025-08-01,retail_trade,209944.0
2025-08-01,transport_postal_and_warehousing,98375.0
2025-08-01,wholesale_trade,114597.0
2025-09-01,accommodation_and_food_services,153152.0
2025-09-01,administrative_and_support_services,94193.0
2025-09-01,agriculture_forestry_and_fishing,96444.0
2025-09-01,arts_and_recreation_services,47834.0
2025-09-01,construction,189826.0
2025-09-01,education_and_training,217144.0
2025-09-01,electricity_gas_water_and_waste_services,23886.0
2025-09-01,financial_and_insurance_services,72302.0
2025-09-01,health_care_and_social_assistance,284102.0
2025-09-01,information_media_and_telecommunications,30183.0
2025-09-01,manufacturing,222462.0
2025-09-01,mining,6180.0
2025-09-01,other_services,82771.0
2025-09-01,professional_scientific_and_technical_services,181927.0
2025-09-01,public_administration_and_safety,163269.0
2025-09-01,rental_hiring_and_real_estate_services,36780.0
2025-09-01,retail_trade,209977.0
2025-09-01,transport_postal_and_warehousing,98817.0
2025-09-01,wholesale_trade,114845.0
2025-10-01,accommodation_and_food_services,154263.0
2025-10-01,administrative_and_support_services,94333.0
2025-10-01,agriculture_forestry_and_fishing,101342.0
2025-10-01,arts_and_recreation_services,47488.0
2025-10-01,construction,190264.0
2025-10-01,education_and_training,214996.0
2025-10-01,electricity_gas_water_and_waste_services,23945.0
2025-10-01,financial_and_insurance_services,72193.0
2025-10-01,health_care_and_social_assistance,284184.0
2025-10-01,information_media_and_telecommunications,29474.0
2025-10-01,manufacturing,223056.0
2025-10-01,mining,6191.0
2025-10-01,other_services,82796.0
2025-10-01,professional_scientific_and_technical_services,182055.0
2025-10-01,public_administration_and_safety,164215.0
2025-10-01,rental_hiring_and_real_estate_services,36737.0
2025-10-01,retail_trade,211295.0
2025-10-01,transport_postal_and_warehousing,99167.0
2025-10-01,wholesale_trade,114951.0
2025-11-01,accommodation_and_food_services,158025.0
2025-11-01,administrative_and_support_services,97264.0
2025-11-01,agriculture_forestry_and_fishing,109622.0
2025-11-01,arts_and_recreation_services,47868.0
2025-11-01,construction,192158.0
2025-11-01,education_and_training,220693.0
2025-11-01,electricity_gas_water_and_waste_services,24245.0
2025-11-01,financial_and_insurance_services,72311.0
2025-11-01,health_care_and_social_assistance,286178.0
2025-11-01,information_media_and_telecommunications,29313.0
2025-11-01,manufacturing,227470.0
2025-11-01,mining,6228.0
2025-11-01,other_services,83397.0
2025-11-01,professional_scientific_and_technical_services,183667.0
2025-11-01,public_administration_and_safety,166020.0
2025-11-01,rental_hiring_and_real_estate_services,37255.0
2025-11-01,retail_trade,216390.0
2025-11-01,transport_postal_and_warehousing,100519.0
2025-11-01,wholesale_trade,116195.0
2025-12-01,accommodation_and_food_services,158765.0
2025-12-01,administrative_and_support_services,96956.0
2025-12-01,agriculture_forestry_and_fishing,112125.0
2025-12-01,arts_and_recreation_services,47899.0
2025-12-01,construction,191575.0
2025-12-01,education_and_training,212320.0
2025-12-01,electricity_gas_water_and_waste_services,24316.0
2025-12-01,financial_and_insurance_services,72432.0
2025-12-01,health_care_and_social_assistance,283819.0
2025-12-01,information_media_and_telecommunications,29291.0
2025-12-01,manufacturing,229463.0
2025-12-01,mining,6246.0
2025-12-01,other_services,83586.0
2025-12-01,professional_scientific_and_technical_services,184005.0
2025-12-01,public_administration_and_safety,165947.0
2025-12-01,rental_hiring_and_real_estate_services,37602.0
2025-12-01,retail_trade,220096.0
2025-12-01,transport_postal_and_warehousing,100460.0
2025-12-01,wholesale_trade,116361.0
2026-01-01,accommodation_and_food_services,155174.0
2026-01-01,administrative_and_support_services,92989.0
2026-01-01,agriculture_forestry_and_fishing,107649.0
2026-01-01,arts_and_recreation_services,46540.0
2026-01-01,construction,187701.0
2026-01-01,education_and_training,198793.0
2026-01-01,electricity_gas_water_and_waste_services,24084.0
2026-01-01,financial_and_insurance_services,72055.0
2026-01-01,health_care_and_social_assistance,282208.0
2026-01-01,information_media_and_telecommunications,29204.0
2026-01-01,manufacturing,226141.0
2026-01-01,mining,6190.0
2026-01-01,other_services,81559.0
2026-01-01,professional_scientific_and_technical_services,181490.0
2026-01-01,public_administration_and_safety,164950.0
2026-01-01,rental_hiring_and_real_estate_services,36989.0
2026-01-01,retail_trade,214111.0
2026-01-01,transport_postal_and_warehousing,99155.0
2026-01-01,wholesale_trade,114876.0
2026-02-01,accommodation_and_food_services,157219.0
2026-02-01,administrative_and_support_services,96837.0
2026-02-01,agriculture_forestry_and_fishing,106455.0
2026-02-01,arts_and_recreation_services,47518.0
2026-02-01,construction,191350.0
2026-02-01,education_and_training,206184.0
2026-02-01,electricity_gas_water_and_waste_services,24135.0
2026-02-01,financial_and_insurance_services,72226.0
2026-02-01,health_care_and_social_assistance,285445.0
2026-02-01,information_media_and_telecommunications,29753.0
2026-02-01,manufacturing,227758.0
2026-02-01,mining,6246.0
2026-02-01,other_services,82755.0
2026-02-01,professional_scientific_and_technical_services,183894.0
2026-02-01,public_administration_and_safety,166592.0
2026-02-01,rental_hiring_and_real_estate_services,37471.0
2026-02-01,retail_trade,210692.0
2026-02-01,transport_postal_and_warehousing,100192.0
2026-02-01,wholesale_trade,115509.0
2026-03-01,accommodation_and_food_services,157635.0
2026-03-01,administrative_and_support_services,102298.0
2026-03-01,agriculture_forestry_and_fishing,105901.0
2026-03-01,arts_and_recreation_services,47318.0
2026-03-01,construction,192263.0
2026-03-01,education_and_training,214342.0
2026-03-01,electricity_gas_water_and_waste_services,24162.0
2026-03-01,financial_and_insurance_services,72632.0
2026-03-01,health_care_and_social_assistance,286895.0
2026-03-01,information_media_and_telecommunications,29652.0
2026-03-01,manufacturing,228677.0
2026-03-01,mining,6355.0
2026-03-01,other_services,83018.0
2026-03-01,professional_scientific_and_technical_services,183481.0
2026-03-01,public_administration_and_safety,167476.0
2026-03-01,rental_hiring_and_real_estate_services,37438.0
2026-03-01,retail_trade,210617.0
2026-03-01,transport_postal_and_warehousing,102242.0
2026-03-01,wholesale_trade,116529.0
