date,region,filled_jobs
2019-05-01,auckland,722233.0
2019-05-01,bay_of_plenty,134343.0
2019-05-01,canterbury,283557.0
2019-05-01,gisborne,21238.0
2019-05-01,hawke's_bay,75388.0
2019-05-01,manawatu_whanganui,104324.0
2019-05-01,marlborough,25688.0
2019-05-01,nelson,19965.0
2019-05-01,northland,67000.0
2019-05-01,otago,107334.0
2019-05-01,southland,47008.0
2019-05-01,taranaki,51110.0
2019-05-01,tasman,23199.0
2019-05-01,waikato,201309.0
2019-05-01,wellington,240322.0
2019-05-01,west_coast,14348.0
2019-06-01,auckland,723890.0
2019-06-01,bay_of_plenty,132322.0
2019-06-01,canterbury,283557.0
2019-06-01,gisborne,21152.0
2019-06-01,hawke's_bay,73479.0
2019-06-01,manawatu_whanganui,104427.0
2019-06-01,marlborough,25602.0
2019-06-01,nelson,19753.0
2019-06-01,northland,66606.0
2019-06-01,otago,106863.0
2019-06-01,southland,45791.0
2019-06-01,taranaki,50887.0
2019-06-01,tasman,22719.0
2019-06-01,waikato,201309.0
2019-06-01,wellington,242075.0
2019-06-01,west_coast,14165.0
2019-07-01,auckland,730451.0
2019-07-01,bay_of_plenty,131523.0
2019-07-01,canterbury,284576.0
2019-07-01,gisborne,20978.0
2019-07-01,hawke's_bay,72615.0
2019-07-01,manawatu_whanganui,104819.0
2019-07-01,marlborough,25504.0
2019-07-01,nelson,19828.0
2019-07-01,northland,66296.0
2019-07-01,otago,107051.0
2019-07-01,southland,44695.0
2019-07-01,taranaki,50764.0
2019-07-01,tasman,22715.0
2019-07-01,waikato,201617.0
2019-07-01,wellington,242699.0
2019-07-01,west_coast,14026.0
2019-08-01,auckland,732281.0
2019-08-01,bay_of_plenty,131130.0
2019-08-01,canterbury,284882.0
2019-08-01,gisborne,20819.0
2019-08-01,hawke's_bay,72048.0
2019-08-01,manawatu_whanganui,104543.0
2019-08-01,marlborough,25306.0
2019-08-01,nelson,19758.0
2019-08-01,northland,66406.0
2019-08-01,otago,107681.0
2019-08-01,southland,45209.0
2019-08-01,taranaki,50849.0
2019-08-01,tasman,22620.0
2019-08-01,waikato,202308.0
2019-08-01,wellington,242569.0
2019-08-01,west_coast,14159.0
2019-09-01,auckland,735992.0
2019-09-01,bay_of_plenty,131597.0
2019-09-01,canterbury,287426.0
2019-09-01,gisborne,20758.0
2019-09-01,hawke's_bay,71977.0
2019-09-01,manawatu_whanganui,105389.0
2019-09-01,marlborough,25364.0
2019-09-01,nelson,19845.0
2019-09-01,northland,67157.0
2019-09-01,otago,108644.0
2019-09-01,southland,45949.0
2019-09-01,taranaki,51087.0
2019-09-01,tasman,22543.0
2019-09-01,waikato,204033.0
2019-09-01,wellington,243860.0
2019-09-01,west_coast,14333.0
2019-10-01,auckland,740153.0
2019-10-01,bay_of_plenty,132229.0
2019-10-01,canterbury,289198.0
2019-10-01,gisborne,21136.0
2019-10-01,hawke's_bay,71891.0
2019-10-01,manawatu_whanganui,106181.0
2019-10-01,marlborough,25057.0
2019-10-01,nelson,19714.0
2019-10-01,northland,67541.0
2019-10-01,otago,108857.0
2019-10-01,southland,46411.0
2019-10-01,taranaki,51189.0
2019-10-01,tasman,22590.0
2019-10-01,waikato,205965.0
2019-10-01,wellington,245043.0
2019-10-01,west_coast,14501.0
2019-11-01,auckland,752591.0
2019-11-01,bay_of_plenty,134962.0
2019-11-01,canterbury,293693.0
2019-11-01,gisborne,21612.0
2019-11-01,hawke's_bay,74938.0
2019-11-01,manawatu_whanganui,107930.0
2019-11-01,marlborough,26405.0
2019-11-01,nelson,20371.0
2019-11-01,northland,69388.0
2019-11-01,otago,111707.0
2019-11-01,southland,47608.0
2019-11-01,taranaki,52401.0
2019-11-01,tasman,23521.0
2019-11-01,waikato,209351.0
2019-11-01,wellington,247600.0
2019-11-01,west_coast,14779.0
2019-12-01,auckland,757208.0
2019-12-01,bay_of_plenty,136485.0
2019-12-01,canterbury,296665.0
2019-12-01,gisborne,22148.0
2019-12-01,hawke's_bay,78101.0
2019-12-01,manawatu_whanganui,108919.0
2019-12-01,marlborough,26826.0
2019-12-01,nelson,20620.0
2019-12-01,northland,70265.0
2019-12-01,otago,112988.0
2019-12-01,southland,48688.0
2019-12-01,taranaki,52801.0
2019-12-01,tasman,24187.0
2019-12-01,waikato,211395.0
2019-12-01,wellington,248996.0
2019-12-01,west_coast,15010.0
2020-01-01,auckland,735996.0
2020-01-01,bay_of_plenty,133912.0
2020-01-01,canterbury,288323.0
2020-01-01,gisborne,21759.0
2020-01-01,hawke's_bay,75959.0
2020-01-01,manawatu_whanganui,106286.0
2020-01-01,marlborough,26227.0
2020-01-01,nelson,20137.0
2020-01-01,northland,68396.0
2020-01-01,otago,110701.0
2020-01-01,southland,48096.0
2020-01-01,taranaki,51656.0
2020-01-01,tasman,23621.0
2020-01-01,waikato,206534.0
2020-01-01,wellington,243008.0
2020-01-01,west_coast,14676.0
2020-02-01,auckland,747535.0
2020-02-01,bay_of_plenty,133621.0
2020-02-01,canterbury,292328.0
2020-02-01,gisborne,21997.0
2020-02-01,hawke's_bay,77609.0
2020-02-01,manawatu_whanganui,107538.0
2020-02-01,marlborough,26468.0
2020-02-01,nelson,20266.0
2020-02-01,northland,68798.0
2020-02-01,otago,112351.0
2020-02-01,southland,48798.0
2020-02-01,taranaki,52401.0
2020-02-01,tasman,23864.0
2020-02-01,waikato,208804.0
2020-02-01,wellington,246505.0
2020-02-01,west_coast,14778.0
2020-03-01,auckland,748944.0
2020-03-01,bay_of_plenty,135287.0
2020-03-01,canterbury,291702.0
2020-03-01,gisborne,22131.0
2020-03-01,hawke's_bay,78981.0
2020-03-01,manawatu_whanganui,107107.0
2020-03-01,marlborough,27069.0
2020-03-01,nelson,20360.0
2020-03-01,northland,68916.0
2020-03-01,otago,111898.0
2020-03-01,southland,48156.0
2020-03-01,taranaki,52138.0
2020-03-01,tasman,24558.0
2020-03-01,waikato,208173.0
2020-03-01,wellington,246927.0
2020-03-01,west_coast,14698.0
2020-04-01,auckland,741269.0
2020-04-01,bay_of_plenty,134099.0
2020-04-01,canterbury,287095.0
2020-04-01,gisborne,21142.0
2020-04-01,hawke's_bay,76854.0
2020-04-01,manawatu_whanganui,105000.0
2020-04-01,marlborough,26516.0
2020-04-01,nelson,19969.0
2020-04-01,northland,67303.0
2020-04-01,otago,109173.0
2020-04-01,southland,46684.0
2020-04-01,taranaki,51089.0
2020-04-01,tasman,24058.0
2020-04-01,waikato,204846.0
2020-04-01,wellington,243830.0
2020-04-01,west_coast,14382.0
2020-05-01,auckland,746596.0
2020-05-01,bay_of_plenty,135774.0
2020-05-01,canterbury,288308.0
2020-05-01,gisborne,21422.0
2020-05-01,hawke's_bay,77023.0
2020-05-01,manawatu_whanganui,106163.0
2020-05-01,marlborough,26461.0
2020-05-01,nelson,20022.0
2020-05-01,northland,67613.0
2020-05-01,otago,109707.0
2020-05-01,southland,46985.0
2020-05-01,taranaki,51340.0
2020-05-01,tasman,24122.0
2020-05-01,waikato,206799.0
2020-05-01,wellington,245366.0
2020-05-01,west_coast,14409.0
2020-06-01,auckland,747086.0
2020-06-01,bay_of_plenty,133803.0
2020-06-01,canterbury,288508.0
2020-06-01,gisborne,21519.0
2020-06-01,hawke's_bay,76488.0
2020-06-01,manawatu_whanganui,106034.0
2020-06-01,marlborough,26295.0
2020-06-01,nelson,20126.0
2020-06-01,northland,67646.0
2020-06-01,otago,109395.0
2020-06-01,southland,46433.0
2020-06-01,taranaki,51485.0
2020-06-01,tasman,23934.0
2020-06-01,waikato,207140.0
2020-06-01,wellington,246355.0
2020-06-01,west_coast,14400.0
2020-07-01,auckland,740274.0
2020-07-01,bay_of_plenty,132331.0
2020-07-01,canterbury,286853.0
2020-07-01,gisborne,21330.0
2020-07-01,hawke's_bay,75400.0
2020-07-01,manawatu_whanganui,105914.0
2020-07-01,marlborough,25962.0
2020-07-01,nelson,19965.0
2020-07-01,northland,67314.0
2020-07-01,otago,108281.0
2020-07-01,southland,45701.0
2020-07-01,taranaki,51308.0
2020-07-01,tasman,23591.0
2020-07-01,waikato,206398.0
2020-07-01,wellington,245368.0
2020-07-01,west_coast,14167.0
2020-08-01,auckland,738251.0
2020-08-01,bay_of_plenty,132575.0
2020-08-01,canterbury,287234.0
2020-08-01,gisborne,21396.0
2020-08-01,hawke's_bay,74820.0
2020-08-01,manawatu_whanganui,106215.0
2020-08-01,marlborough,26006.0
2020-08-01,nelson,19984.0
2020-08-01,northland,67475.0
2020-08-01,otago,108020.0
2020-08-01,southland,45702.0
2020-08-01,taranaki,51614.0
2020-08-01,tasman,23718.0
2020-08-01,waikato,207187.0
2020-08-01,wellington,246359.0
2020-08-01,west_coast,14262.0
2020-09-01,auckland,736078.0
2020-09-01,bay_of_plenty,132958.0
2020-09-01,canterbury,287590.0
2020-09-01,gisborne,21502.0
2020-09-01,hawke's_bay,74864.0
2020-09-01,manawatu_whanganui,106641.0
2020-09-01,marlborough,25951.0
2020-09-01,nelson,19889.0
2020-09-01,northland,67833.0
2020-09-01,otago,107283.0
2020-09-01,southland,45890.0
2020-09-01,taranaki,51722.0
2020-09-01,tasman,23633.0
2020-09-01,waikato,207776.0
2020-09-01,wellington,246893.0
2020-09-01,west_coast,14153.0
2020-10-01,auckland,742847.0
2020-10-01,bay_of_plenty,135157.0
2020-10-01,canterbury,290009.0
2020-10-01,gisborne,22094.0
2020-10-01,hawke's_bay,75769.0
2020-10-01,manawatu_whanganui,108156.0
2020-10-01,marlborough,26061.0
2020-10-01,nelson,20171.0
2020-10-01,northland,69186.0
2020-10-01,otago,108693.0
2020-10-01,southland,46523.0
2020-10-01,taranaki,51869.0
2020-10-01,tasman,23788.0
2020-10-01,waikato,210051.0
2020-10-01,wellington,249249.0
2020-10-01,west_coast,14390.0
2020-11-01,auckland,746399.0
2020-11-01,bay_of_plenty,137094.0
2020-11-01,canterbury,291714.0
2020-11-01,gisborne,22320.0
2020-11-01,hawke's_bay,77357.0
2020-11-01,manawatu_whanganui,109023.0
2020-11-01,marlborough,26353.0
2020-11-01,nelson,20416.0
2020-11-01,northland,69948.0
2020-11-01,otago,109379.0
2020-11-01,southland,47353.0
2020-11-01,taranaki,52755.0
2020-11-01,tasman,24144.0
2020-11-01,waikato,211752.0
2020-11-01,wellington,250218.0
2020-11-01,west_coast,14517.0
2020-12-01,auckland,754819.0
2020-12-01,bay_of_plenty,138735.0
2020-12-01,canterbury,295180.0
2020-12-01,gisborne,23015.0
2020-12-01,hawke's_bay,80369.0
2020-12-01,manawatu_whanganui,110420.0
2020-12-01,marlborough,26639.0
2020-12-01,nelson,20733.0
2020-12-01,northland,70895.0
2020-12-01,otago,111347.0
2020-12-01,southland,49013.0
2020-12-01,taranaki,53449.0
2020-12-01,tasman,24806.0
2020-12-01,waikato,214839.0
2020-12-01,wellington,253026.0
2020-12-01,west_coast,14748.0
2021-01-01,auckland,733686.0
2021-01-01,bay_of_plenty,134508.0
2021-01-01,canterbury,287079.0
2021-01-01,gisborne,22342.0
2021-01-01,hawke's_bay,77643.0
2021-01-01,manawatu_whanganui,107653.0
2021-01-01,marlborough,26002.0
2021-01-01,nelson,20285.0
2021-01-01,northland,68821.0
2021-01-01,otago,108696.0
2021-01-01,southland,48078.0
2021-01-01,taranaki,52429.0
2021-01-01,tasman,24219.0
2021-01-01,waikato,209267.0
2021-01-01,wellington,246263.0
2021-01-01,west_coast,14402.0
2021-02-01,auckland,742549.0
2021-02-01,bay_of_plenty,135294.0
2021-02-01,canterbury,290456.0
2021-02-01,gisborne,22581.0
2021-02-01,hawke's_bay,79243.0
2021-02-01,manawatu_whanganui,108937.0
2021-02-01,marlborough,26173.0
2021-02-01,nelson,20356.0
2021-02-01,northland,69529.0
2021-02-01,otago,109469.0
2021-02-01,southland,48577.0
2021-02-01,taranaki,53013.0
2021-02-01,tasman,24294.0
2021-02-01,waikato,211881.0
2021-02-01,wellington,249465.0
2021-02-01,west_coast,14522.0
2021-03-01,auckland,747388.0
2021-03-01,bay_of_plenty,138027.0
2021-03-01,canterbury,292015.0
2021-03-01,gisborne,22925.0
2021-03-01,hawke's_bay,80031.0
2021-03-01,manawatu_whanganui,109370.0
2021-03-01,marlborough,26542.0
2021-03-01,nelson,20428.0
2021-03-01,northland,70138.0
2021-03-01,otago,109820.0
2021-03-01,southland,48104.0
2021-03-01,taranaki,53065.0
2021-03-01,tasman,24588.0
2021-03-01,waikato,212767.0
2021-03-01,wellington,250462.0
2021-03-01,west_coast,14510.0
2021-04-01,auckland,750679.0
2021-04-01,bay_of_plenty,140418.0
2021-04-01,canterbury,292591.0
2021-04-01,gisborne,22647.0
2021-04-01,hawke's_bay,79968.0
2021-04-01,manawatu_whanganui,108949.0
2021-04-01,marlborough,26454.0
2021-04-01,nelson,20356.0
2021-04-01,northland,70658.0
2021-04-01,otago,109748.0
2021-04-01,southland,47866.0
2021-04-01,taranaki,53076.0
2021-04-01,tasman,24470.0
2021-04-01,waikato,213584.0
2021-04-01,wellington,250419.0
2021-04-01,west_coast,14535.0
2021-05-01,auckland,754059.0
2021-05-01,bay_of_plenty,141343.0
2021-05-01,canterbury,292925.0
2021-05-01,gisborne,22643.0
2021-05-01,hawke's_bay,79147.0
2021-05-01,manawatu_whanganui,109485.0
2021-05-01,marlborough,26229.0
2021-05-01,nelson,20448.0
2021-05-01,northland,70783.0
2021-05-01,otago,109352.0
2021-05-01,southland,47642.0
2021-05-01,taranaki,53235.0
2021-05-01,tasman,24381.0
2021-05-01,waikato,214181.0
2021-05-01,wellington,250895.0
2021-05-01,west_coast,14433.0
2021-06-01,auckland,757326.0
2021-06-01,bay_of_plenty,140592.0
2021-06-01,canterbury,294297.0
2021-06-01,gisborne,22700.0
2021-06-01,hawke's_bay,79214.0
2021-06-01,manawatu_whanganui,110057.0
2021-06-01,marlborough,26160.0
2021-06-01,nelson,20534.0
2021-06-01,northland,70898.0
2021-06-01,otago,109869.0
2021-06-01,southland,47341.0
2021-06-01,taranaki,53466.0
2021-06-01,tasman,24335.0
2021-06-01,waikato,215147.0
2021-06-01,wellington,252315.0
2021-06-01,west_coast,14461.0
2021-07-01,auckland,758256.0
2021-07-01,bay_of_plenty,138395.0
2021-07-01,canterbury,294478.0
2021-07-01,gisborne,22448.0
2021-07-01,hawke's_bay,78601.0
2021-07-01,manawatu_whanganui,110226.0
2021-07-01,marlborough,26332.0
2021-07-01,nelson,20554.0
2021-07-01,northland,71081.0
2021-07-01,otago,109851.0
2021-07-01,southland,47224.0
2021-07-01,taranaki,53653.0
2021-07-01,tasman,24337.0
2021-07-01,waikato,215313.0
2021-07-01,wellington,251853.0
2021-07-01,west_coast,14406.0
2021-08-01,auckland,764248.0
2021-08-01,bay_of_plenty,139118.0
2021-08-01,canterbury,295798.0
2021-08-01,gisborne,22327.0
2021-08-01,hawke's_bay,78113.0
2021-08-01,manawatu_whanganui,110107.0
2021-08-01,marlborough,26396.0
2021-08-01,nelson,20539.0
2021-08-01,northland,71642.0
2021-08-01,otago,110206.0
2021-08-01,southland,47163.0
2021-08-01,taranaki,53751.0
2021-08-01,tasman,24336.0
2021-08-01,waikato,216834.0
2021-08-01,wellington,253645.0
2021-08-01,west_coast,14415.0
2021-09-01,auckland,763723.0
2021-09-01,bay_of_plenty,139534.0
2021-09-01,canterbury,297385.0
2021-09-01,gisborne,22297.0
2021-09-01,hawke's_bay,78284.0
2021-09-01,manawatu_whanganui,110286.0
2021-09-01,marlborough,26406.0
2021-09-01,nelson,20457.0
2021-09-01,northland,71791.0
2021-09-01,otago,110283.0
2021-09-01,southland,47070.0
2021-09-01,taranaki,54015.0
2021-09-01,tasman,24449.0
2021-09-01,waikato,217652.0
2021-09-01,wellington,254287.0
2021-09-01,west_coast,14504.0
2021-10-01,auckland,767568.0
2021-10-01,bay_of_plenty,141212.0
2021-10-01,canterbury,300329.0
2021-10-01,gisborne,22836.0
2021-10-01,hawke's_bay,79216.0
2021-10-01,manawatu_whanganui,111612.0
2021-10-01,marlborough,26478.0
2021-10-01,nelson,20675.0
2021-10-01,northland,72366.0
2021-10-01,otago,111767.0
2021-10-01,southland,47896.0
2021-10-01,taranaki,54322.0
2021-10-01,tasman,24605.0
2021-10-01,waikato,219163.0
2021-10-01,wellington,256291.0
2021-10-01,west_coast,14732.0
2021-11-01,auckland,778083.0
2021-11-01,bay_of_plenty,143700.0
2021-11-01,canterbury,303826.0
2021-11-01,gisborne,23163.0
2021-11-01,hawke's_bay,80674.0
2021-11-01,manawatu_whanganui,113245.0
2021-11-01,marlborough,27129.0
2021-11-01,nelson,21003.0
2021-11-01,northland,73999.0
2021-11-01,otago,113061.0
2021-11-01,southland,48611.0
2021-11-01,taranaki,55278.0
2021-11-01,tasman,25110.0
2021-11-01,waikato,222138.0
2021-11-01,wellington,259169.0
2021-11-01,west_coast,14937.0
2021-12-01,auckland,782763.0
2021-12-01,bay_of_plenty,143533.0
2021-12-01,canterbury,306189.0
2021-12-01,gisborne,23521.0
2021-12-01,hawke's_bay,82577.0
2021-12-01,manawatu_whanganui,113999.0
2021-12-01,marlborough,27309.0
2021-12-01,nelson,21136.0
2021-12-01,northland,74423.0
2021-12-01,otago,114439.0
2021-12-01,southland,49811.0
2021-12-01,taranaki,55533.0
2021-12-01,tasman,25553.0
2021-12-01,waikato,223871.0
2021-12-01,wellington,259950.0
2021-12-01,west_coast,15023.0
2022-01-01,auckland,765370.0
2022-01-01,bay_of_plenty,140008.0
2022-01-01,canterbury,299037.0
2022-01-01,gisborne,22813.0
2022-01-01,hawke's_bay,80643.0
2022-01-01,manawatu_whanganui,111920.0
2022-01-01,marlborough,26650.0
2022-01-01,nelson,20717.0
2022-01-01,northland,72455.0
2022-01-01,otago,112472.0
2022-01-01,southland,49066.0
2022-01-01,taranaki,54575.0
2022-01-01,tasman,24994.0
2022-01-01,waikato,219072.0
2022-01-01,wellington,254953.0
2022-01-01,west_coast,14759.0
2022-02-01,auckland,769747.0
2022-02-01,bay_of_plenty,139991.0
2022-02-01,canterbury,300467.0
2022-02-01,gisborne,23148.0
2022-02-01,hawke's_bay,81305.0
2022-02-01,manawatu_whanganui,112036.0
2022-02-01,marlborough,26727.0
2022-02-01,nelson,20676.0
2022-02-01,northland,72419.0
2022-02-01,otago,112279.0
2022-02-01,southland,49495.0
2022-02-01,taranaki,54594.0
2022-02-01,tasman,25048.0
2022-02-01,waikato,220032.0
2022-02-01,wellington,255988.0
2022-02-01,west_coast,14703.0
2022-03-01,auckland,769278.0
2022-03-01,bay_of_plenty,141215.0
2022-03-01,canterbury,300490.0
2022-03-01,gisborne,22899.0
2022-03-01,hawke's_bay,81624.0
2022-03-01,manawatu_whanganui,111595.0
2022-03-01,marlborough,26820.0
2022-03-01,nelson,20666.0
2022-03-01,northland,72345.0
2022-03-01,otago,111980.0
2022-03-01,southland,48644.0
2022-03-01,taranaki,54403.0
2022-03-01,tasman,25402.0
2022-03-01,waikato,219908.0
2022-03-01,wellington,255733.0
2022-03-01,west_coast,14702.0
2022-04-01,auckland,772147.0
2022-04-01,bay_of_plenty,144581.0
2022-04-01,canterbury,301199.0
2022-04-01,gisborne,22984.0
2022-04-01,hawke's_bay,82242.0
2022-04-01,manawatu_whanganui,111499.0
2022-04-01,marlborough,26742.0
2022-04-01,nelson,20744.0
2022-04-01,northland,73083.0
2022-04-01,otago,111747.0
2022-04-01,southland,48142.0
2022-04-01,taranaki,54452.0
2022-04-01,tasman,25585.0
2022-04-01,waikato,220633.0
2022-04-01,wellington,256130.0
2022-04-01,west_coast,14723.0
2022-05-01,auckland,772128.0
2022-05-01,bay_of_plenty,145292.0
2022-05-01,canterbury,301354.0
2022-05-01,gisborne,22940.0
2022-05-01,hawke's_bay,81784.0
2022-05-01,manawatu_whanganui,111304.0
2022-05-01,marlborough,26605.0
2022-05-01,nelson,20765.0
2022-05-01,northland,72762.0
2022-05-01,otago,111553.0
2022-05-01,southland,47952.0
2022-05-01,taranaki,54341.0
2022-05-01,tasman,25606.0
2022-05-01,waikato,220648.0
2022-05-01,wellington,256186.0
2022-05-01,west_coast,14688.0
2022-06-01,auckland,773252.0
2022-06-01,bay_of_plenty,143578.0
2022-06-01,canterbury,302699.0
2022-06-01,gisborne,22930.0
2022-06-01,hawke's_bay,81087.0
2022-06-01,manawatu_whanganui,111863.0
2022-06-01,marlborough,26605.0
2022-06-01,nelson,20804.0
2022-06-01,northland,72880.0
2022-06-01,otago,111980.0
2022-06-01,southland,47775.0
2022-06-01,taranaki,54422.0
2022-06-01,tasman,25345.0
2022-06-01,waikato,221032.0
2022-06-01,wellington,256589.0
2022-06-01,west_coast,14591.0
2022-07-01,auckland,774052.0
2022-07-01,bay_of_plenty,142050.0
2022-07-01,canterbury,303074.0
2022-07-01,gisborne,22892.0
2022-07-01,hawke's_bay,80135.0
2022-07-01,manawatu_whanganui,111953.0
2022-07-01,marlborough,26602.0
2022-07-01,nelson,20832.0
2022-07-01,northland,72784.0
2022-07-01,otago,113103.0
2022-07-01,southland,47387.0
2022-07-01,taranaki,54740.0
2022-07-01,tasman,25275.0
2022-07-01,waikato,220879.0
2022-07-01,wellington,256658.0
2022-07-01,west_coast,14555.0
2022-08-01,auckland,777101.0
2022-08-01,bay_of_plenty,142245.0
2022-08-01,canterbury,304985.0
2022-08-01,gisborne,22806.0
2022-08-01,hawke's_bay,79814.0
2022-08-01,manawatu_whanganui,112482.0
2022-08-01,marlborough,26642.0
2022-08-01,nelson,20759.0
2022-08-01,northland,73042.0
2022-08-01,otago,112995.0
2022-08-01,southland,47983.0
2022-08-01,taranaki,54890.0
2022-08-01,tasman,25096.0
2022-08-01,waikato,222317.0
2022-08-01,wellington,258666.0
2022-08-01,west_coast,14644.0
2022-09-01,auckland,780531.0
2022-09-01,bay_of_plenty,142822.0
2022-09-01,canterbury,306963.0
2022-09-01,gisborne,22690.0
2022-09-01,hawke's_bay,79078.0
2022-09-01,manawatu_whanganui,112537.0
2022-09-01,marlborough,26811.0
2022-09-01,nelson,20804.0
2022-09-01,northland,73338.0
2022-09-01,otago,113247.0
2022-09-01,southland,48287.0
2022-09-01,taranaki,54968.0
2022-09-01,tasman,24737.0
2022-09-01,waikato,223164.0
2022-09-01,wellington,258777.0
2022-09-01,west_coast,14749.0
2022-10-01,auckland,785924.0
2022-10-01,bay_of_plenty,143661.0
2022-10-01,canterbury,309600.0
2022-10-01,gisborne,23236.0
2022-10-01,hawke's_bay,79199.0
2022-10-01,manawatu_whanganui,113742.0
2022-10-01,marlborough,26504.0
2022-10-01,nelson,20903.0
2022-10-01,northland,73998.0
2022-10-01,otago,114727.0
2022-10-01,southland,48946.0
2022-10-01,taranaki,54988.0
2022-10-01,tasman,25009.0
2022-10-01,waikato,225198.0
2022-10-01,wellington,259432.0
2022-10-01,west_coast,14901.0
2022-11-01,auckland,796263.0
2022-11-01,bay_of_plenty,145106.0
2022-11-01,canterbury,312792.0
2022-11-01,gisborne,23310.0
2022-11-01,hawke's_bay,81561.0
2022-11-01,manawatu_whanganui,114448.0
2022-11-01,marlborough,27409.0
2022-11-01,nelson,21171.0
2022-11-01,northland,75103.0
2022-11-01,otago,115812.0
2022-11-01,southland,49618.0
2022-11-01,taranaki,56085.0
2022-11-01,tasman,25667.0
2022-11-01,waikato,227960.0
2022-11-01,wellington,261857.0
2022-11-01,west_coast,15072.0
2022-12-01,auckland,794720.0
2022-12-01,bay_of_plenty,145222.0
2022-12-01,canterbury,313059.0
2022-12-01,gisborne,23412.0
2022-12-01,hawke's_bay,83414.0
2022-12-01,manawatu_whanganui,114508.0
2022-12-01,marlborough,27628.0
2022-12-01,nelson,21229.0
2022-12-01,northland,75212.0
2022-12-01,otago,116699.0
2022-12-01,southland,50167.0
2022-12-01,taranaki,56067.0
2022-12-01,tasman,26097.0
2022-12-01,waikato,227792.0
2022-12-01,wellington,261348.0
2022-12-01,west_coast,15126.0
2023-01-01,auckland,780131.0
2023-01-01,bay_of_plenty,142356.0
2023-01-01,canterbury,307422.0
2023-01-01,gisborne,22768.0
2023-01-01,hawke's_bay,81766.0
2023-01-01,manawatu_whanganui,113014.0
2023-01-01,marlborough,27236.0
2023-01-01,nelson,20955.0
2023-01-01,northland,73744.0
2023-01-01,otago,115813.0
2023-01-01,southland,49752.0
2023-01-01,taranaki,55479.0
2023-01-01,tasman,25728.0
2023-01-01,waikato,224279.0
2023-01-01,wellington,256972.0
2023-01-01,west_coast,14954.0
2023-02-01,auckland,792283.0
2023-02-01,bay_of_plenty,143788.0
2023-02-01,canterbury,311285.0
2023-02-01,gisborne,22956.0
2023-02-01,hawke's_bay,82548.0
2023-02-01,manawatu_whanganui,113987.0
2023-02-01,marlborough,27521.0
2023-02-01,nelson,21223.0
2023-02-01,northland,74123.0
2023-02-01,otago,117002.0
2023-02-01,southland,50372.0
2023-02-01,taranaki,56002.0
2023-02-01,tasman,26116.0
2023-02-01,waikato,226954.0
2023-02-01,wellington,260650.0
2023-02-01,west_coast,15110.0
2023-03-01,auckland,798965.0
2023-03-01,bay_of_plenty,145281.0
2023-03-01,canterbury,312560.0
2023-03-01,gisborne,23294.0
2023-03-01,hawke's_bay,83639.0
2023-03-01,manawatu_whanganui,113989.0
2023-03-01,marlborough,28278.0
2023-03-01,nelson,21257.0
2023-03-01,northland,74740.0
2023-03-01,otago,117620.0
2023-03-01,southland,50102.0
2023-03-01,taranaki,56034.0
2023-03-01,tasman,26824.0
2023-03-01,waikato,227625.0
2023-03-01,wellington,261639.0
2023-03-01,west_coast,15088.0
2023-04-01,auckland,804055.0
2023-04-01,bay_of_plenty,149376.0
2023-04-01,canterbury,312679.0
2023-04-01,gisborne,23272.0
2023-04-01,hawke's_bay,84401.0
2023-04-01,manawatu_whanganui,113935.0
2023-04-01,marlborough,28303.0
2023-04-01,nelson,21213.0
2023-04-01,northland,75056.0
2023-04-01,otago,117922.0
2023-04-01,southland,49845.0
2023-04-01,taranaki,56105.0
2023-04-01,tasman,26797.0
2023-04-01,waikato,228065.0
2023-04-01,wellington,261857.0
2023-04-01,west_coast,15079.0
2023-05-01,auckland,806442.0
2023-05-01,bay_of_plenty,148624.0
2023-05-01,canterbury,312698.0
2023-05-01,gisborne,23378.0
2023-05-01,hawke's_bay,83054.0
2023-05-01,manawatu_whanganui,113672.0
2023-05-01,marlborough,27833.0
2023-05-01,nelson,21012.0
2023-05-01,northland,74653.0
2023-05-01,otago,117308.0
2023-05-01,southland,49080.0
2023-05-01,taranaki,55792.0
2023-05-01,tasman,26349.0
2023-05-01,waikato,227981.0
2023-05-01,wellington,261883.0
2023-05-01,west_coast,14917.0
2023-06-01,auckland,808150.0
2023-06-01,bay_of_plenty,147333.0
2023-06-01,canterbury,313393.0
2023-06-01,gisborne,23102.0
2023-06-01,hawke's_bay,82092.0
2023-06-01,manawatu_whanganui,114159.0
2023-06-01,marlborough,27861.0
2023-06-01,nelson,21028.0
2023-06-01,northland,74561.0
2023-06-01,otago,117778.0
2023-06-01,southland,48931.0
2023-06-01,taranaki,55794.0
2023-06-01,tasman,26072.0
2023-06-01,waikato,228246.0
2023-06-01,wellington,262307.0
2023-06-01,west_coast,14818.0
2023-07-01,auckland,808549.0
2023-07-01,bay_of_plenty,146521.0
2023-07-01,canterbury,311650.0
2023-07-01,gisborne,23089.0
2023-07-01,hawke's_bay,81286.0
2023-07-01,manawatu_whanganui,113791.0
2023-07-01,marlborough,27957.0
2023-07-01,nelson,21038.0
2023-07-01,northland,74097.0
2023-07-01,otago,117877.0
2023-07-01,southland,48128.0
2023-07-01,taranaki,56147.0
2023-07-01,tasman,25924.0
2023-07-01,waikato,227167.0
2023-07-01,wellington,261659.0
2023-07-01,west_coast,14788.0
2023-08-01,auckland,810273.0
2023-08-01,bay_of_plenty,146711.0
2023-08-01,canterbury,312783.0
2023-08-01,gisborne,22786.0
2023-08-01,hawke's_bay,80211.0
2023-08-01,manawatu_whanganui,113505.0
2023-08-01,marlborough,27846.0
2023-08-01,nelson,20941.0
2023-08-01,northland,74222.0
2023-08-01,otago,117286.0
2023-08-01,southland,48573.0
2023-08-01,taranaki,56106.0
2023-08-01,tasman,25638.0
2023-08-01,waikato,227457.0
2023-08-01,wellington,260941.0
2023-08-01,west_coast,14863.0
2023-09-01,auckland,811141.0
2023-09-01,bay_of_plenty,146126.0
2023-09-01,canterbury,314471.0
2023-09-01,gisborne,22833.0
2023-09-01,hawke's_bay,79940.0
2023-09-01,manawatu_whanganui,113906.0
2023-09-01,marlborough,27841.0
2023-09-01,nelson,20968.0
2023-09-01,northland,74312.0
2023-09-01,otago,117199.0
2023-09-01,southland,49111.0
2023-09-01,taranaki,56100.0
2023-09-01,tasman,25611.0
2023-09-01,waikato,228014.0
2023-09-01,wellington,260928.0
2023-09-01,west_coast,15011.0
2023-10-01,auckland,819420.0
2023-10-01,bay_of_plenty,147349.0
2023-10-01,canterbury,317813.0
2023-10-01,gisborne,23368.0
2023-10-01,hawke's_bay,80719.0
2023-10-01,manawatu_whanganui,115131.0
2023-10-01,marlborough,27656.0
2023-10-01,nelson,21123.0
2023-10-01,northland,75189.0
2023-10-01,otago,118267.0
2023-10-01,southland,49571.0
2023-10-01,taranaki,56299.0
2023-10-01,tasman,25553.0
2023-10-01,waikato,230637.0
2023-10-01,wellington,263664.0
2023-10-01,west_coast,15303.0
2023-11-01,auckland,824546.0
2023-11-01,bay_of_plenty,149319.0
2023-11-01,canterbury,320180.0
2023-11-01,gisborne,23484.0
2023-11-01,hawke's_bay,82964.0
2023-11-01,manawatu_whanganui,115412.0
2023-11-01,marlborough,28467.0
2023-11-01,nelson,21278.0
2023-11-01,northland,76037.0
2023-11-01,otago,119337.0
2023-11-01,southland,50308.0
2023-11-01,taranaki,56996.0
2023-11-01,tasman,26083.0
2023-11-01,waikato,232147.0
2023-11-01,wellington,264539.0
2023-11-01,west_coast,15414.0
2023-12-01,auckland,824140.0
2023-12-01,bay_of_plenty,149430.0
2023-12-01,canterbury,321290.0
2023-12-01,gisborne,24118.0
2023-12-01,hawke's_bay,85004.0
2023-12-01,manawatu_whanganui,116158.0
2023-12-01,marlborough,28586.0
2023-12-01,nelson,21373.0
2023-12-01,northland,76357.0
2023-12-01,otago,120481.0
2023-12-01,southland,50999.0
2023-12-01,taranaki,57318.0
2023-12-01,tasman,26614.0
2023-12-01,waikato,232971.0
2023-12-01,wellington,264814.0
2023-12-01,west_coast,15509.0
2024-01-01,auckland,807363.0
2024-01-01,bay_of_plenty,146561.0
2024-01-01,canterbury,314325.0
2024-01-01,gisborne,23297.0
2024-01-01,hawke's_bay,83086.0
2024-01-01,manawatu_whanganui,114145.0
2024-01-01,marlborough,27816.0
2024-01-01,nelson,21028.0
2024-01-01,northland,74394.0
2024-01-01,otago,118470.0
2024-01-01,southland,50342.0
2024-01-01,taranaki,56249.0
2024-01-01,tasman,26058.0
2024-01-01,waikato,228030.0
2024-01-01,wellington,260080.0
2024-01-01,west_coast,15288.0
2024-02-01,auckland,814350.0
2024-02-01,bay_of_plenty,147033.0
2024-02-01,canterbury,317185.0
2024-02-01,gisborne,23462.0
2024-02-01,hawke's_bay,84369.0
2024-02-01,manawatu_whanganui,114261.0
2024-02-01,marlborough,27930.0
2024-02-01,nelson,21111.0
2024-02-01,northland,75209.0
2024-02-01,otago,119480.0
2024-02-01,southland,50377.0
2024-02-01,taranaki,56638.0
2024-02-01,tasman,26311.0
2024-02-01,waikato,230177.0
2024-02-01,wellington,261857.0
2024-02-01,west_coast,15345.0
2024-03-01,auckland,818937.0
2024-03-01,bay_of_plenty,149946.0
2024-03-01,canterbury,318330.0
2024-03-01,gisborne,23729.0
2024-03-01,hawke's_bay,85874.0
2024-03-01,manawatu_whanganui,114504.0
2024-03-01,marlborough,28691.0
2024-03-01,nelson,21138.0
2024-03-01,northland,75461.0
2024-03-01,otago,119424.0
2024-03-01,southland,50194.0
2024-03-01,taranaki,56457.0
2024-03-01,tasman,26925.0
2024-03-01,waikato,230629.0
2024-03-01,wellington,262446.0
2024-03-01,west_coast,15338.0
2024-04-01,auckland,816546.0
2024-04-01,bay_of_plenty,152413.0
2024-04-01,canterbury,317174.0
2024-04-01,gisborne,23294.0
2024-04-01,hawke's_bay,85442.0
2024-04-01,manawatu_whanganui,114019.0
2024-04-01,marlborough,28239.0
2024-04-01,nelson,21032.0
2024-04-01,northland,75315.0
2024-04-01,otago,119164.0
2024-04-01,southland,49670.0
2024-04-01,taranaki,56029.0
2024-04-01,tasman,26826.0
2024-04-01,waikato,230529.0
2024-04-01,wellington,262278.0
2024-04-01,west_coast,15280.0
2024-05-01,auckland,811823.0
2024-05-01,bay_of_plenty,150357.0
2024-05-01,canterbury,315385.0
2024-05-01,gisborne,23168.0
2024-05-01,hawke's_bay,83379.0
2024-05-01,manawatu_whanganui,113584.0
2024-05-01,marlborough,27896.0
2024-05-01,nelson,20854.0
2024-05-01,northland,74641.0
2024-05-01,otago,117812.0
2024-05-01,southland,48967.0
2024-05-01,taranaki,55483.0
2024-05-01,tasman,26220.0
2024-05-01,waikato,229193.0
2024-05-01,wellington,260820.0
2024-05-01,west_coast,15075.0
2024-06-01,auckland,806862.0
2024-06-01,bay_of_plenty,147447.0
2024-06-01,canterbury,314317.0
2024-06-01,gisborne,23024.0
2024-06-01,hawke's_bay,81890.0
2024-06-01,manawatu_whanganui,113447.0
2024-06-01,marlborough,27966.0
2024-06-01,nelson,20674.0
2024-06-01,northland,74145.0
2024-06-01,otago,118146.0
2024-06-01,southland,48403.0
2024-06-01,taranaki,55502.0
2024-06-01,tasman,25752.0
2024-06-01,waikato,227592.0
2024-06-01,wellington,259596.0
2024-06-01,west_coast,14879.0
2024-07-01,auckland,801306.0
2024-07-01,bay_of_plenty,145889.0
2024-07-01,canterbury,312340.0
2024-07-01,gisborne,22789.0
2024-07-01,hawke's_bay,80921.0
2024-07-01,manawatu_whanganui,113373.0
2024-07-01,marlborough,27825.0
2024-07-01,nelson,20410.0
2024-07-01,northland,73764.0
2024-07-01,otago,117494.0
2024-07-01,southland,48088.0
2024-07-01,taranaki,55105.0
2024-07-01,tasman,25427.0
2024-07-01,waikato,226583.0
2024-07-01,wellington,257423.0
2024-07-01,west_coast,14775.0
2024-08-01,auckland,800680.0
2024-08-01,bay_of_plenty,145939.0
2024-08-01,canterbury,312922.0
2024-08-01,gisborne,22609.0
2024-08-01,hawke's_bay,79521.0
2024-08-01,manawatu_whanganui,112655.0
2024-08-01,marlborough,27682.0
2024-08-01,nelson,20340.0
2024-08-01,northland,73446.0
2024-08-01,otago,116884.0
2024-08-01,southland,48046.0
2024-08-01,taranaki,55016.0
2024-08-01,tasman,25272.0
2024-08-01,waikato,226784.0
2024-08-01,wellington,257709.0
2024-08-01,west_coast,14897.0
2024-09-01,auckland,799644.0
2024-09-01,bay_of_plenty,145482.0
2024-09-01,canterbury,314361.0
2024-09-01,gisborne,22418.0
2024-09-01,hawke's_bay,79005.0
2024-09-01,manawatu_whanganui,112368.0
2024-09-01,marlborough,27263.0
2024-09-01,nelson,20394.0
2024-09-01,northland,73548.0
2024-09-01,otago,117124.0
2024-09-01,southland,48220.0
2024-09-01,taranaki,55049.0
2024-09-01,tasman,25091.0
2024-09-01,waikato,226672.0
2024-09-01,wellington,257063.0
2024-09-01,west_coast,14947.0
2024-10-01,auckland,801528.0
2024-10-01,bay_of_plenty,146058.0
2024-10-01,canterbury,315709.0
2024-10-01,gisborne,22692.0
2024-10-01,hawke's_bay,79184.0
2024-10-01,manawatu_whanganui,113119.0
2024-10-01,marlborough,26915.0
2024-10-01,nelson,20475.0
2024-10-01,northland,73876.0
2024-10-01,otago,118024.0
2024-10-01,southland,48520.0
2024-10-01,taranaki,54849.0
2024-10-01,tasman,25104.0
2024-10-01,waikato,227925.0
2024-10-01,wellington,257197.0
2024-10-01,west_coast,15088.0
2024-11-01,auckland,809629.0
2024-11-01,bay_of_plenty,147564.0
2024-11-01,canterbury,319638.0
2024-11-01,gisborne,23086.0
2024-11-01,hawke's_bay,81630.0
2024-11-01,manawatu_whanganui,113900.0
2024-11-01,marlborough,27927.0
2024-11-01,nelson,20730.0
2024-11-01,northland,75045.0
2024-11-01,otago,119851.0
2024-11-01,southland,49477.0
2024-11-01,taranaki,55928.0
2024-11-01,tasman,25836.0
2024-11-01,waikato,229818.0
2024-11-01,wellington,259260.0
2024-11-01,west_coast,15352.0
2024-12-01,auckland,807682.0
2024-12-01,bay_of_plenty,147588.0
2024-12-01,canterbury,319662.0
2024-12-01,gisborne,23213.0
2024-12-01,hawke's_bay,83446.0
2024-12-01,manawatu_whanganui,114046.0
2024-12-01,marlborough,28296.0
2024-12-01,nelson,20769.0
2024-12-01,northland,75248.0
2024-12-01,otago,120716.0
2024-12-01,southland,50294.0
2024-12-01,taranaki,56262.0
2024-12-01,tasman,26258.0
2024-12-01,waikato,230737.0
2024-12-01,wellington,259035.0
2024-12-01,west_coast,15311.0
2025-01-01,auckland,791099.0
2025-01-01,bay_of_plenty,144258.0
2025-01-01,canterbury,312923.0
2025-01-01,gisborne,22780.0
2025-01-01,hawke's_bay,81417.0
2025-01-01,manawatu_whanganui,112145.0
2025-01-01,marlborough,27375.0
2025-01-01,nelson,20371.0
2025-01-01,northland,73280.0
2025-01-01,otago,118485.0
2025-01-01,southland,49550.0
2025-01-01,taranaki,55067.0
2025-01-01,tasman,25824.0
2025-01-01,waikato,226109.0
2025-01-01,wellington,253478.0
2025-01-01,west_coast,15128.0
2025-02-01,auckland,796574.0
2025-02-01,bay_of_plenty,144786.0
2025-02-01,canterbury,315599.0
2025-02-01,gisborne,22816.0
2025-02-01,hawke's_bay,83083.0
2025-02-01,manawatu_whanganui,112346.0
2025-02-01,marlborough,27607.0
2025-02-01,nelson,20522.0
2025-02-01,northland,73842.0
2025-02-01,otago,119082.0
2025-02-01,southland,49960.0
2025-02-01,taranaki,55393.0
2025-02-01,tasman,25924.0
2025-02-01,waikato,227751.0
2025-02-01,wellington,255297.0
2025-02-01,west_coast,15199.0
2025-03-01,auckland,799989.0
2025-03-01,bay_of_plenty,148268.0
2025-03-01,canterbury,316276.0
2025-03-01,gisborne,22927.0
2025-03-01,hawke's_bay,84238.0
2025-03-01,manawatu_whanganui,112076.0
2025-03-01,marlborough,28474.0
2025-03-01,nelson,20492.0
2025-03-01,northland,74128.0
2025-03-01,otago,119116.0
2025-03-01,southland,49755.0
2025-03-01,taranaki,55188.0
2025-03-01,tasman,26707.0
2025-03-01,waikato,228149.0
2025-03-01,wellington,255646.0
2025-03-01,west_coast,15181.0
2025-04-01,auckland,797662.0
2025-04-01,bay_of_plenty,149483.0
2025-04-01,canterbury,314966.0
2025-04-01,gisborne,22610.0
2025-04-01,hawke's_bay,83379.0
2025-04-01,manawatu_whanganui,111550.0
2025-04-01,marlborough,28190.0
2025-04-01,nelson,20339.0
2025-04-01,northland,73974.0
2025-04-01,otago,118647.0
2025-04-01,southland,49347.0
2025-04-01,taranaki,54847.0
2025-04-01,tasman,26582.0
2025-04-01,waikato,227516.0
2025-04-01,wellington,254531.0
2025-04-01,west_coast,15133.0
2025-05-01,auckland,794187.0
2025-05-01,bay_of_plenty,148201.0
2025-05-01,canterbury,313498.0
2025-05-01,gisborne,22685.0
2025-05-01,hawke's_bay,81498.0
2025-05-01,manawatu_whanganui,111198.0
2025-05-01,marlborough,27820.0
2025-05-01,nelson,20119.0
2025-05-01,northland,73458.0
2025-05-01,otago,117577.0
2025-05-01,southland,48982.0
2025-05-01,taranaki,54602.0
2025-05-01,tasman,26017.0
2025-05-01,waikato,226291.0
2025-05-01,wellington,253794.0
2025-05-01,west_coast,14953.0
2025-06-01,auckland,790919.0
2025-06-01,bay_of_plenty,146683.0
2025-06-01,canterbury,313942.0
2025-06-01,gisborne,22549.0
2025-06-01,hawke's_bay,80407.0
2025-06-01,manawatu_whanganui,111226.0
2025-06-01,marlborough,27760.0
2025-06-01,nelson,20221.0
2025-06-01,northland,73026.0
2025-06-01,otago,118102.0
2025-06-01,southland,48855.0
2025-06-01,taranaki,54661.0
2025-06-01,tasman,25449.0
2025-06-01,waikato,226209.0
2025-06-01,wellington,253140.0
2025-06-01,west_coast,15021.0
2025-07-01,auckland,787826.0
2025-07-01,bay_of_plenty,145023.0
2025-07-01,canterbury,312874.0
2025-07-01,gisborne,22200.0
2025-07-01,hawke's_bay,79494.0
2025-07-01,manawatu_whanganui,110899.0
2025-07-01,marlborough,27676.0
2025-07-01,nelson,20120.0
2025-07-01,northland,72658.0
2025-07-01,otago,117728.0
2025-07-01,southland,48332.0
2025-07-01,taranaki,54450.0
2025-07-01,tasman,25262.0
2025-07-01,waikato,225356.0
2025-07-01,wellington,252122.0
2025-07-01,west_coast,14916.0
2025-08-01,auckland,789048.0
2025-08-01,bay_of_plenty,145049.0
2025-08-01,canterbury,314231.0
2025-08-01,gisborne,21975.0
2025-08-01,hawke's_bay,77951.0
2025-08-01,manawatu_whanganui,110945.0
2025-08-01,marlborough,27512.0
2025-08-01,nelson,20135.0
2025-08-01,northland,72793.0
2025-08-01,otago,117563.0
2025-08-01,southland,48207.0
2025-08-01,taranaki,54410.0
2025-08-01,tasman,25379.0
2025-08-01,waikato,225622.0
2025-08-01,wellington,251599.0
2025-08-01,west_coast,14995.0
2025-09-01,auckland,791079.0
2025-09-01,bay_of_plenty,144655.0
2025-09-01,canterbury,316074.0
2025-09-01,gisborne,22050.0
2025-09-01,hawke's_bay,77350.0
2025-09-01,manawatu_whanganui,111258.0
2025-09-01,marlborough,26912.0
2025-09-01,nelson,20122.0
2025-09-01,northland,72902.0
2025-09-01,otago,117882.0
2025-09-01,southland,48558.0
2025-09-01,taranaki,54347.0
2025-09-01,tasman,24989.0
2025-09-01,waikato,226185.0
2025-09-01,wellington,252706.0
2025-09-01,west_coast,15210.0
2025-10-01,auckland,793238.0
2025-10-01,bay_of_plenty,145305.0
2025-10-01,canterbury,317551.0
2025-10-01,gisborne,22365.0
2025-10-01,hawke's_bay,78204.0
2025-10-01,manawatu_whanganui,111444.0
2025-10-01,marlborough,26763.0
2025-10-01,nelson,20157.0
2025-10-01,northland,71907.0
2025-10-01,otago,118375.0
2025-10-01,southland,49062.0
2025-10-01,taranaki,54040.0
2025-10-01,tasman,24904.0
2025-10-01,waikato,227480.0
2025-10-01,wellington,253024.0
2025-10-01,west_coast,15273.0
2025-11-01,auckland,804261.0
2025-11-01,bay_of_plenty,148352.0
2025-11-01,canterbury,323106.0
2025-11-01,gisborne,22846.0
2025-11-01,hawke's_bay,81619.0
2025-11-01,manawatu_whanganui,113011.0
2025-11-01,marlborough,28081.0
2025-11-01,nelson,20506.0
2025-11-01,northland,73378.0
2025-11-01,otago,121175.0
2025-11-01,southland,50421.0
2025-11-01,taranaki,55441.0
2025-11-01,tasman,25855.0
2025-11-01,waikato,231016.0
2025-11-01,wellington,256216.0
2025-11-01,west_coast,15503.0
2025-12-01,auckland,801548.0
2025-12-01,bay_of_plenty,147771.0
2025-12-01,canterbury,322761.0
2025-12-01,gisborne,22888.0
2025-12-01,hawke's_bay,82844.0
2025-12-01,manawatu_whanganui,113286.0
2025-12-01,marlborough,28202.0
2025-12-01,nelson,20509.0
2025-12-01,northland,73035.0
2025-12-01,otago,121474.0
2025-12-01,southland,51205.0
2025-12-01,taranaki,55549.0
2025-12-01,tasman,26280.0
2025-12-01,waikato,231620.0
2025-12-01,wellington,254905.0
2025-12-01,west_coast,15549.0
2026-01-01,auckland,784564.0
2026-01-01,bay_of_plenty,143951.0
2026-01-01,canterbury,316261.0
2026-01-01,gisborne,22390.0
2026-01-01,hawke's_bay,80609.0
2026-01-01,manawatu_whanganui,111074.0
2026-01-01,marlborough,27320.0
2026-01-01,nelson,20143.0
2026-01-01,northland,71140.0
2026-01-01,otago,118598.0
2026-01-01,southland,50041.0
2026-01-01,taranaki,54448.0
2026-01-01,tasman,25599.0
2026-01-01,waikato,226817.0
2026-01-01,wellington,249629.0
2026-01-01,west_coast,15422.0
2026-02-01,auckland,793482.0
2026-02-01,bay_of_plenty,145037.0
2026-02-01,canterbury,319576.0
2026-02-01,gisborne,22585.0
2026-02-01,hawke's_bay,82730.0
2026-02-01,manawatu_whanganui,112223.0
2026-02-01,marlborough,27507.0
2026-02-01,nelson,20257.0
2026-02-01,northland,71854.0
2026-02-01,otago,120630.0
2026-02-01,southland,50961.0
2026-02-01,taranaki,54703.0
2026-02-01,tasman,25850.0
2026-02-01,waikato,229332.0
2026-02-01,wellington,252124.0
2026-02-01,west_coast,15532.0
2026-03-01,auckland,800276.0
2026-03-01,bay_of_plenty,148766.0
2026-03-01,canterbury,322108.0
2026-03-01,gisborne,22816.0
2026-03-01,hawke's_bay,84262.0
2026-03-01,manawatu_whanganui,112688.0
2026-03-01,marlborough,28265.0
2026-03-01,nelson,20359.0
2026-03-01,northland,72393.0
2026-03-01,otago,120982.0
2026-03-01,southland,50798.0
2026-03-01,taranaki,54780.0
2026-03-01,tasman,26537.0
2026-03-01,waikato,230481.0
2026-03-01,wellington,254347.0
2026-03-01,west_coast,15563.0
