unemployment_rate,underutilisation_rate,date,male_paid_employee,male_employer,male_self_employed_no_employees,male_unpaid_family_worker,male_not_specified,male_total_all_employment_status,female_paid_employee,female_employer,female_self_employed_no_employees,female_unpaid_family_worker,female_not_specified,female_total_all_employment_status,total_both_sexes_paid_employee,total_both_sexes_employer,total_both_sexes_self_employed_no_employees,total_both_sexes_unpaid_family_worker,total_both_sexes_not_specified,total_both_sexes_total_all_employment_status,male_persons_underemployed_and_actively_seeking_more_hours,male_persons_underemployed_and_not_actively_seeking_more_hours,male_persons_underemployed,male_persons_employed_part_time,male_persons_employed_in_labour_force,male_part_time_employment_rate,male_underemployment_to_part_time_ratio,male_underemployment_rate,female_persons_underemployed_and_actively_seeking_more_hours,female_persons_underemployed_and_not_actively_seeking_more_hours,female_persons_underemployed,female_persons_employed_part_time,female_persons_employed_in_labour_force,female_part_time_employment_rate,female_underemployment_to_part_time_ratio,female_underemployment_rate,total_both_sexes_persons_underemployed_and_actively_seeking_more_hours,total_both_sexes_persons_underemployed_and_not_actively_seeking_more_hours,total_both_sexes_persons_underemployed,total_both_sexes_persons_employed_part_time,total_both_sexes_persons_employed_in_labour_force,total_both_sexes_part_time_employment_rate,total_both_sexes_underemployment_to_part_time_ratio,total_both_sexes_underemployment_rate
4.1,9.0,2006-03-01,879.9,86.2,168.2,5.4,0.0,1139.8,854.8,36.1,79.1,9.7,0.0,979.8,1734.8,122.3,247.2,15.1,0.0,2119.6,12.2,4.6,16.8,105.2,1139.8,9.2,15.9,1.5,22.6,11.4,34.0,338.7,979.8,34.6,10.0,3.5,34.8,16.0,50.8,443.9,2119.6,20.9,11.4,2.4
3.7,8.6,2006-06-01,898.2,85.0,151.5,6.0,1.1,1141.8,864.2,37.5,74.2,11.2,1.5,988.6,1762.4,122.5,225.7,17.1,2.7,2130.4,13.2,6.4,19.6,118.4,1141.8,10.4,16.6,1.7,23.5,10.7,34.3,346.1,988.6,35.0,9.9,3.5,36.7,17.1,53.9,464.5,2130.4,21.8,11.6,2.5
3.9,8.8,2006-09-01,880.8,83.6,169.1,5.6,0.0,1139.5,855.4,33.9,83.2,10.9,0.0,984.1,1736.2,117.5,252.3,16.5,1.2,2123.6,11.9,6.0,18.0,121.1,1139.5,10.6,14.9,1.6,23.9,10.7,34.7,336.4,984.1,34.2,10.3,3.5,35.8,16.8,52.7,457.4,2123.6,21.5,11.5,2.5
3.8,10.4,2006-12-01,909.7,73.3,165.2,10.8,2.0,1161.1,869.3,26.9,74.7,18.6,1.5,991.0,1779.1,100.2,239.9,29.4,3.5,2152.1,19.2,8.3,27.5,118.9,1161.1,10.2,23.1,2.4,32.0,17.9,49.9,342.2,991.0,34.5,14.6,5.0,51.2,26.3,77.5,461.1,2152.1,21.4,16.8,3.6
3.9,9.9,2007-03-01,911.6,82.1,157.0,7.0,0.0,1158.5,875.4,31.1,75.2,16.7,0.0,999.3,1787.0,113.2,232.1,23.7,1.9,2157.8,14.7,7.5,22.1,121.5,1158.5,10.5,18.2,1.9,27.0,15.6,42.6,336.7,999.3,33.7,12.7,4.3,41.7,23.1,64.8,458.2,2157.8,21.2,14.1,3.0
3.6,9.8,2007-06-01,910.5,78.8,154.3,9.3,2.5,1155.4,874.1,30.0,81.3,18.6,0.0,1005.1,1784.6,108.8,235.6,28.0,3.4,2160.5,12.9,7.4,20.3,131.7,1155.4,11.4,15.4,1.8,28.4,19.0,47.5,356.5,1005.1,35.5,13.3,4.7,41.3,26.4,67.8,488.1,2160.5,22.6,13.9,3.1
3.6,9.0,2007-09-01,912.3,82.8,153.6,8.2,0.0,1157.5,869.4,36.1,78.5,12.3,0.0,997.0,1781.7,118.9,232.0,20.6,1.3,2154.6,15.2,7.4,22.8,133.4,1157.5,11.5,17.1,2.0,28.9,12.1,41.0,357.2,997.0,35.8,11.5,4.1,44.1,19.6,63.8,490.7,2154.6,22.8,13.0,3.0
3.4,9.2,2007-12-01,920.0,86.3,152.2,10.3,1.6,1170.3,896.8,31.6,84.7,13.6,1.0,1027.7,1816.8,117.9,236.9,23.9,2.6,2198.1,15.9,8.7,24.6,131.3,1170.3,11.2,18.7,2.1,30.9,13.7,45.0,353.7,1027.7,34.4,12.7,4.4,46.8,22.4,69.6,485.0,2198.1,22.1,14.3,3.2
3.8,10.3,2008-03-01,886.7,89.7,164.6,8.6,0.0,1150.3,862.2,37.2,82.9,12.1,1.2,995.5,1748.9,126.9,247.5,20.7,1.8,2145.8,13.3,8.9,22.2,120.7,1150.3,10.5,18.4,1.9,29.1,16.4,45.8,340.3,995.5,34.2,13.4,4.6,42.3,25.3,68.0,461.0,2145.8,21.5,14.7,3.2
3.8,10.0,2008-06-01,903.7,75.6,164.7,8.3,2.1,1154.4,886.6,31.0,85.5,13.2,1.1,1017.4,1790.3,106.7,250.2,21.5,3.2,2171.9,13.5,7.2,20.8,140.2,1154.4,12.1,14.8,1.8,25.6,18.4,44.0,358.3,1017.4,35.2,12.3,4.3,39.1,25.6,64.8,498.5,2171.9,23.0,13.0,3.0
4.1,10.5,2008-09-01,907.8,70.4,158.6,7.5,0.0,1145.2,897.5,26.2,84.7,14.9,0.0,1024.2,1805.4,96.6,243.3,22.5,1.7,2169.4,12.5,7.3,19.7,132.5,1145.2,11.6,14.9,1.7,30.6,18.0,48.6,354.7,1024.2,34.6,13.7,4.7,43.1,25.2,68.3,487.2,2169.4,22.5,14.0,3.1
4.4,11.3,2008-12-01,931.6,78.5,153.3,7.9,1.2,1172.5,915.1,33.1,79.4,10.5,0.0,1039.0,1846.7,111.6,232.7,18.4,2.1,2211.6,21.0,5.2,26.1,136.9,1172.5,11.7,19.1,2.2,35.9,15.4,51.4,362.2,1039.0,34.9,14.2,4.9,56.9,20.6,77.5,499.1,2211.6,22.6,15.5,3.5
5.0,12.3,2009-03-01,904.0,71.3,157.4,7.9,0.0,1141.5,886.6,31.0,81.5,14.3,0.0,1013.8,1790.6,102.3,238.9,22.2,1.3,2155.3,19.9,8.3,28.1,128.6,1141.5,11.3,21.9,2.5,35.4,18.2,53.7,337.0,1013.8,33.2,15.9,5.3,55.2,26.5,81.8,465.6,2155.3,21.6,17.6,3.8
5.8,13.7,2009-06-01,910.9,74.3,142.4,12.9,2.2,1142.6,885.5,29.0,75.3,14.9,0.0,1005.7,1796.3,103.3,217.7,27.8,3.2,2148.3,23.3,10.0,33.4,145.9,1142.6,12.8,22.9,2.9,38.7,18.8,57.5,355.3,1005.7,35.3,16.2,5.7,62.1,28.8,90.9,501.2,2148.3,23.3,18.1,4.2
6.2,14.8,2009-09-01,882.3,76.0,149.3,8.0,0.0,1116.1,892.7,28.0,74.9,11.1,0.0,1007.4,1775.0,104.0,224.2,19.1,1.3,2123.5,27.4,11.3,38.7,134.8,1116.1,12.1,28.7,3.5,41.8,22.2,64.2,351.6,1007.4,34.9,18.3,6.4,69.2,33.5,102.9,486.5,2123.5,22.9,21.2,4.8
6.6,15.0,2009-12-01,905.7,76.5,146.0,8.1,0.0,1137.2,897.4,30.7,71.5,14.9,0.0,1015.4,1803.1,107.2,217.5,22.9,1.8,2152.6,24.3,8.7,33.0,135.9,1137.2,11.9,24.3,2.9,43.3,18.9,62.4,355.6,1015.4,35.0,17.5,6.1,67.7,27.6,95.4,491.5,2152.6,22.8,19.4,4.4
5.9,13.6,2010-03-01,909.9,72.9,146.6,9.2,0.0,1139.5,891.4,30.2,69.9,14.7,1.2,1007.4,1801.3,103.1,216.4,23.9,2.2,2146.9,19.5,10.3,29.9,126.9,1139.5,11.1,23.6,2.6,33.2,16.3,49.5,337.7,1007.4,33.5,14.7,4.9,52.8,26.5,79.4,464.6,2146.9,21.6,17.1,3.7
6.6,14.2,2010-06-01,901.6,69.2,151.9,9.0,1.7,1133.4,892.7,28.7,72.3,12.0,1.7,1007.4,1794.2,97.9,224.2,21.0,3.4,2140.7,18.1,10.5,28.5,136.0,1133.4,12.0,21.0,2.5,35.2,18.2,53.5,346.7,1007.4,34.4,15.4,5.3,53.3,28.7,82.0,482.6,2140.7,22.5,17.0,3.8
6.1,13.9,2010-09-01,917.6,67.6,148.8,10.8,0.0,1145.3,883.9,27.7,79.0,17.1,0.0,1008.7,1801.4,95.3,227.8,28.0,1.5,2154.0,24.2,10.6,34.8,140.3,1145.3,12.3,24.8,3.0,35.3,20.6,55.8,347.4,1008.7,34.4,16.1,5.5,59.5,31.2,90.7,487.8,2154.0,22.6,18.6,4.2
6.2,14.0,2010-12-01,920.9,65.4,156.9,6.6,0.0,1150.8,893.8,28.5,86.5,12.6,1.0,1022.5,1814.7,93.9,243.4,19.2,2.0,2173.3,19.4,9.5,29.4,126.1,1150.8,11.0,23.3,2.6,39.3,14.4,53.7,343.1,1022.5,33.6,15.7,5.3,58.7,23.9,83.1,469.2,2173.3,21.6,17.7,3.8
6.0,14.0,2011-03-01,922.1,72.9,151.1,9.0,0.0,1155.7,889.6,28.1,90.0,17.1,1.4,1026.1,1811.7,101.0,241.1,26.0,2.0,2181.8,20.2,8.1,28.3,132.8,1155.7,11.5,21.3,2.4,43.5,16.6,60.1,343.1,1026.1,33.4,17.5,5.9,63.7,24.7,88.4,475.9,2181.8,21.8,18.6,4.1
6.1,14.1,2011-06-01,909.2,67.0,162.7,8.3,1.9,1149.2,899.8,28.8,83.8,15.8,0.0,1028.7,1809.1,95.8,246.5,24.1,2.4,2177.9,22.8,10.8,33.6,134.3,1149.2,11.7,25.0,2.9,41.4,17.6,59.0,360.9,1028.7,35.1,16.4,5.7,64.2,28.4,92.6,495.2,2177.9,22.7,18.7,4.3
6.0,13.6,2011-09-01,916.7,67.2,159.8,6.8,0.0,1151.4,898.0,25.7,86.2,13.3,0.0,1024.0,1814.7,92.9,245.9,20.1,1.7,2175.4,17.4,8.5,25.9,124.5,1151.4,10.8,20.8,2.2,39.7,17.7,57.5,360.2,1024.0,35.2,16.0,5.6,57.1,26.2,83.4,484.7,2175.4,22.3,17.2,3.8
6.1,13.7,2011-12-01,923.4,59.8,169.5,6.9,1.9,1161.6,911.3,27.4,89.9,12.3,1.4,1042.4,1834.7,87.3,259.3,19.2,3.3,2203.9,24.5,7.5,32.0,134.5,1161.6,11.6,23.8,2.8,39.4,13.8,53.2,366.4,1042.4,35.2,14.5,5.1,63.8,21.2,85.1,500.9,2203.9,22.7,17.0,3.9
6.4,14.1,2012-03-01,925.9,64.7,163.9,6.6,1.1,1162.1,900.5,30.0,88.6,14.8,0.0,1034.4,1826.3,94.7,252.5,21.4,1.6,2196.5,21.3,8.5,29.8,133.0,1162.1,11.4,22.4,2.6,42.7,17.0,59.8,364.9,1034.4,35.3,16.4,5.8,64.0,25.5,89.6,498.0,2196.5,22.7,18.0,4.1
6.4,14.7,2012-06-01,907.7,74.0,155.5,10.2,1.3,1148.8,906.4,31.6,83.0,14.8,1.2,1037.1,1814.2,105.7,238.5,25.0,2.5,2185.9,17.9,9.1,27.0,130.5,1148.8,11.4,20.7,2.4,44.2,21.1,65.4,372.7,1037.1,35.9,17.5,6.3,62.2,30.2,92.4,503.2,2185.9,23.0,18.4,4.2
6.7,15.6,2012-09-01,907.8,70.2,144.5,10.4,2.7,1135.7,906.6,30.7,80.1,15.7,2.0,1035.1,1814.4,100.9,224.7,26.2,4.7,2170.8,20.8,10.5,31.3,133.5,1135.7,11.8,23.4,2.8,41.3,21.7,62.9,371.0,1035.1,35.8,17.0,6.1,62.1,32.1,94.2,504.5,2170.8,23.2,18.7,4.3
6.3,14.7,2012-12-01,905.3,90.8,136.9,5.7,2.8,1141.5,901.8,36.6,72.0,12.2,2.4,1025.0,1807.0,127.4,208.9,17.9,5.2,2166.5,19.2,12.1,31.4,122.3,1141.5,10.7,25.7,2.7,40.5,19.2,59.7,351.0,1025.0,34.2,17.0,5.8,59.7,31.3,91.1,473.3,2166.5,21.8,19.2,4.2
5.8,13.0,2013-03-01,939.3,75.9,132.2,8.4,1.2,1157.0,918.4,36.6,74.0,12.5,0.0,1042.3,1857.7,112.4,206.2,21.0,2.1,2199.4,16.0,8.4,24.5,121.6,1157.0,10.5,20.1,2.1,37.8,17.1,55.5,346.8,1042.3,33.3,16.0,5.3,53.8,25.5,80.0,468.4,2199.4,21.3,17.1,3.6
6.0,13.3,2013-06-01,936.3,68.7,140.7,8.8,2.3,1156.8,919.3,29.0,74.9,16.0,1.6,1040.8,1855.6,97.7,215.6,24.8,3.9,2197.7,16.2,7.9,24.1,131.1,1156.8,11.3,18.4,2.1,40.4,16.8,57.2,360.2,1040.8,34.6,15.9,5.5,56.6,24.7,81.3,491.4,2197.7,22.4,16.6,3.7
5.8,14.1,2013-09-01,946.0,71.9,140.1,9.9,1.6,1169.4,935.9,29.8,71.3,17.7,0.0,1055.2,1881.8,101.7,211.4,27.6,2.1,2224.6,21.2,6.1,27.4,135.4,1169.4,11.6,20.2,2.3,43.8,19.2,63.1,359.4,1055.2,34.1,17.5,6.0,64.9,25.2,90.4,494.8,2224.6,22.2,18.3,4.1
5.7,14.0,2013-12-01,976.5,70.4,136.4,13.7,1.5,1198.5,948.1,31.8,78.2,15.5,0.0,1074.2,1924.6,102.2,214.6,29.2,2.1,2272.6,26.8,11.4,38.3,141.5,1198.5,11.8,27.1,3.2,53.3,24.8,78.2,367.7,1074.2,34.2,21.3,7.3,80.1,36.2,116.5,509.2,2272.6,22.4,22.9,5.1
5.6,13.2,2014-03-01,981.2,68.8,146.6,10.6,0.0,1208.1,949.5,31.3,82.8,15.3,0.0,1079.4,1930.7,100.1,229.4,25.8,1.5,2287.6,21.1,11.0,32.0,135.8,1208.1,11.2,23.6,2.7,43.7,15.6,59.5,355.6,1079.4,32.9,16.7,5.5,64.8,26.6,91.5,491.4,2287.6,21.5,18.6,4.0
5.3,13.3,2014-06-01,1001.4,48.5,151.6,9.1,2.8,1213.4,952.8,20.7,80.6,15.3,0.0,1070.4,1954.2,69.2,232.2,24.4,3.8,2283.8,20.8,8.7,29.6,151.9,1213.4,12.5,19.5,2.4,42.0,23.0,65.1,358.2,1070.4,33.5,18.2,6.1,62.8,31.8,94.8,510.1,2283.8,22.3,18.6,4.1
5.3,12.8,2014-09-01,986.6,57.8,160.0,7.5,0.0,1212.6,955.9,24.7,91.1,14.8,1.4,1087.9,1942.5,82.5,251.1,22.3,2.1,2300.5,19.4,10.5,30.0,143.1,1212.6,11.8,21.0,2.5,39.8,17.6,57.5,359.3,1087.9,33.0,16.0,5.3,59.3,28.1,87.5,502.5,2300.5,21.8,17.4,3.8
5.5,13.3,2014-12-01,1012.0,61.2,159.3,9.0,0.0,1242.5,983.0,31.9,89.6,14.2,0.0,1119.1,1995.0,93.1,248.9,23.2,1.4,2361.6,26.8,7.1,33.9,144.2,1242.5,11.6,23.5,2.7,49.8,24.7,74.7,374.6,1119.1,33.5,19.9,6.7,76.6,31.8,108.6,518.9,2361.6,22.0,20.9,4.6
5.5,13.6,2015-03-01,1030.5,59.2,153.9,9.6,1.4,1254.6,985.0,30.2,87.3,11.9,1.5,1116.0,2015.5,89.3,241.2,21.5,3.0,2370.5,21.7,8.6,30.5,139.4,1254.6,11.1,21.9,2.4,46.6,22.9,69.6,366.3,1116.0,32.8,19.0,6.2,68.3,31.5,100.1,505.7,2370.5,21.3,19.8,4.2
5.5,13.6,2015-06-01,1038.1,52.9,153.5,6.5,2.9,1253.8,980.5,23.4,88.6,12.5,0.0,1105.8,2018.6,76.3,242.1,19.0,3.6,2359.6,18.4,9.2,27.6,145.6,1253.8,11.6,19.0,2.2,42.2,21.1,63.3,380.6,1105.8,34.4,16.6,5.7,60.6,30.3,90.9,526.2,2359.6,22.3,17.3,3.9
5.7,13.7,2015-09-01,1014.5,56.6,156.8,10.4,1.8,1240.0,973.1,28.1,87.4,12.2,1.6,1102.4,1987.6,84.7,244.2,22.5,3.4,2342.4,19.5,8.7,28.3,138.9,1240.0,11.2,20.4,2.3,36.2,19.9,56.2,362.0,1102.4,32.8,15.5,5.1,55.7,28.6,84.5,500.9,2342.4,21.4,16.9,3.6
5.0,12.5,2015-12-01,1045.3,56.3,157.6,10.4,1.1,1270.7,997.5,29.7,90.4,12.5,1.0,1131.1,2042.8,86.0,248.0,22.9,2.1,2401.8,20.5,6.4,26.9,145.1,1270.7,11.4,18.6,2.1,49.6,13.8,63.4,374.7,1131.1,33.1,16.9,5.6,70.1,20.2,90.3,519.8,2401.8,21.6,17.4,3.8
5.3,13.7,2016-03-01,1044.3,60.1,166.5,10.6,2.3,1283.8,1002.1,27.8,95.3,12.5,2.4,1140.1,2046.4,87.9,261.8,23.1,4.7,2424.0,22.3,8.8,31.0,144.9,1283.8,11.3,21.4,2.4,45.6,21.2,66.8,366.2,1140.1,32.1,18.2,5.9,67.8,30.0,97.8,511.2,2424.0,21.1,19.1,4.0
5.1,13.1,2016-06-01,1023.9,98.4,178.7,8.8,1.7,1311.7,978.8,52.4,115.5,12.8,0.0,1160.0,2002.7,150.8,294.2,21.6,2.4,2471.7,21.2,13.7,35.4,152.3,1311.7,11.6,23.2,2.7,41.9,28.9,71.2,375.7,1160.0,32.4,19.0,6.1,63.1,42.6,106.6,528.1,2471.7,21.4,20.2,4.3
5.0,12.7,2016-09-01,1032.5,108.2,170.9,11.0,1.3,1323.9,989.7,52.5,112.0,11.0,0.0,1166.2,2022.2,160.7,283.0,22.0,2.2,2490.1,19.3,14.1,33.8,155.8,1323.9,11.8,21.7,2.6,41.1,31.1,72.6,383.5,1166.2,32.9,18.9,6.2,60.4,45.2,106.4,539.3,2490.1,21.7,19.7,4.3
5.3,12.4,2016-12-01,1057.8,110.0,169.5,10.7,0.0,1348.9,1017.4,56.2,109.6,11.6,1.3,1196.0,2075.2,166.2,279.0,22.3,2.2,2544.9,24.7,11.5,37.1,153.4,1348.9,11.4,24.2,2.8,46.7,31.2,78.4,380.7,1196.0,31.8,20.6,6.6,71.4,42.7,115.5,534.1,2544.9,21.0,21.6,4.5
4.9,12.3,2017-03-01,1072.7,104.6,182.5,8.3,1.9,1370.0,1013.0,51.0,121.3,10.5,0.0,1196.5,2085.7,155.6,303.8,18.8,2.6,2566.4,20.8,13.1,34.4,158.4,1370.0,11.6,21.7,2.5,43.3,32.2,76.0,378.4,1196.5,31.6,20.1,6.4,64.1,45.4,110.4,536.8,2566.4,20.9,20.6,4.3
4.9,12.0,2017-06-01,1069.8,105.6,174.6,8.0,1.5,1359.5,1012.8,50.9,114.0,10.2,1.1,1189.1,2082.6,156.4,288.7,18.2,2.6,2548.6,15.9,14.3,30.1,157.5,1359.5,11.6,19.1,2.2,40.2,30.4,70.8,384.1,1189.1,32.3,18.4,6.0,56.1,44.7,100.9,541.7,2548.6,21.3,18.6,4.0
4.7,12.1,2017-09-01,1077.7,113.4,176.7,9.1,1.6,1378.5,1030.5,49.4,120.3,13.0,1.9,1215.1,2108.2,162.8,297.0,22.1,3.5,2593.6,20.8,13.7,35.1,163.9,1378.5,11.9,21.4,2.5,36.7,37.4,74.3,389.7,1215.1,32.1,19.1,6.1,57.5,51.0,109.5,553.6,2593.6,21.3,19.8,4.2
4.5,12.2,2017-12-01,1088.2,115.8,183.5,9.5,3.0,1399.9,1048.0,49.8,124.8,13.1,1.4,1237.1,2136.2,165.6,308.3,22.6,4.4,2637.0,23.7,17.0,40.9,160.7,1399.9,11.5,25.4,2.9,52.3,37.8,90.8,395.1,1237.1,31.9,23.0,7.3,76.0,54.8,131.6,555.8,2637.0,21.1,23.7,5.0
4.4,11.9,2018-03-01,1101.4,112.4,179.8,9.3,1.7,1404.5,1052.2,48.3,122.4,13.6,1.0,1237.5,2153.6,160.7,302.2,22.9,2.7,2642.0,24.8,11.6,37.1,158.8,1404.5,11.3,23.4,2.6,45.7,32.0,78.3,386.7,1237.5,31.3,20.2,6.3,70.5,43.7,115.4,545.6,2642.0,20.7,21.2,4.4
4.6,12.1,2018-06-01,1102.7,111.1,176.6,9.7,1.1,1401.2,1060.3,51.6,115.4,12.6,0.0,1240.9,2163.1,162.6,292.1,22.3,2.1,2642.2,19.8,16.3,37.1,161.0,1401.2,11.5,23.0,2.6,44.8,31.9,76.8,387.8,1240.9,31.3,19.8,6.2,64.6,48.3,113.9,548.8,2642.2,20.8,20.8,4.3
4.0,11.3,2018-09-01,1097.8,107.3,188.6,10.4,2.2,1406.4,1073.3,54.6,116.9,13.0,0.0,1258.6,2171.2,162.0,305.5,23.4,2.9,2664.9,18.7,12.6,31.4,159.5,1406.4,11.3,19.7,2.2,40.8,31.8,72.7,398.4,1258.6,31.7,18.3,5.8,59.5,44.4,104.2,557.9,2664.9,20.9,18.7,3.9
4.3,12.2,2018-12-01,1107.6,108.1,181.7,8.2,3.1,1408.9,1065.6,50.2,120.5,10.7,1.2,1248.2,2173.2,158.3,302.3,18.9,4.3,2657.1,22.8,17.4,40.7,155.7,1408.9,11.0,26.1,2.9,49.0,37.3,86.7,379.9,1248.2,30.4,22.8,6.9,71.8,54.7,127.3,535.5,2657.1,20.2,23.8,4.8
4.2,11.3,2019-03-01,1105.6,107.0,192.2,8.2,3.2,1416.1,1071.4,52.0,124.8,11.0,1.1,1260.2,2177.0,158.9,316.9,19.2,4.3,2676.3,16.9,13.4,30.6,143.7,1416.1,10.1,21.3,2.2,40.9,33.0,74.2,376.3,1260.2,29.9,19.7,5.9,57.8,46.4,104.8,520.0,2676.3,19.4,20.2,3.9
4.1,11.1,2019-06-01,1100.1,111.2,189.6,9.2,1.4,1411.6,1081.7,52.0,117.2,10.5,1.7,1263.1,2181.9,163.2,306.8,19.7,3.1,2674.7,19.7,16.8,36.5,159.0,1411.6,11.3,22.9,2.6,38.6,31.4,70.6,379.0,1263.1,30.0,18.6,5.6,58.2,48.2,107.1,538.0,2674.7,20.1,19.9,4.0
4.1,10.3,2019-09-01,1107.9,116.3,182.9,9.8,1.1,1418.0,1082.5,56.9,116.6,10.6,2.1,1268.7,2190.4,173.2,299.5,20.4,3.2,2686.7,15.1,12.8,27.9,152.6,1418.0,10.8,18.3,2.0,32.7,27.9,61.0,376.4,1268.7,29.7,16.2,4.8,47.8,40.7,88.9,529.0,2686.7,19.7,16.8,3.3
4.1,10.1,2019-12-01,1120.8,117.5,190.1,8.5,1.5,1438.4,1093.1,56.4,122.4,8.2,0.0,1280.8,2213.9,173.9,312.5,16.7,2.3,2719.3,20.8,11.4,32.9,153.6,1438.4,10.7,21.4,2.3,35.3,28.7,64.6,371.0,1280.8,29.0,17.4,5.0,56.2,40.2,97.4,524.6,2719.3,19.3,18.6,3.6
4.2,10.4,2020-03-01,1123.6,114.5,203.4,9.6,2.8,1453.9,1089.8,58.0,125.3,10.1,1.2,1284.4,2213.4,172.5,328.6,19.7,4.0,2738.3,13.3,12.4,26.3,155.4,1453.9,10.7,17.0,1.8,38.2,27.9,66.6,373.3,1284.4,29.1,17.9,5.2,51.4,40.3,93.0,528.8,2738.3,19.3,17.6,3.4
4.1,12.1,2020-06-01,1108.4,114.9,206.8,10.5,2.3,1442.8,1064.5,53.1,137.4,11.8,2.8,1269.5,2172.8,168.0,344.2,22.3,5.0,2712.3,20.5,17.9,38.7,162.7,1442.8,11.3,23.8,2.7,38.4,46.7,85.5,380.9,1269.5,30.0,22.4,6.7,58.9,64.6,124.2,543.6,2712.3,20.0,22.8,4.6
5.2,13.1,2020-09-01,1097.7,121.1,202.0,8.9,2.8,1432.5,1052.0,59.3,132.5,13.2,2.1,1259.0,2149.7,180.4,334.5,22.1,4.9,2691.6,24.0,20.2,44.7,169.9,1432.5,11.9,26.3,3.1,39.4,43.0,83.6,377.7,1259.0,30.0,22.1,6.6,63.4,63.1,128.3,547.6,2691.6,20.3,23.4,4.8
4.9,11.9,2020-12-01,1113.2,121.2,204.7,8.5,2.6,1450.2,1070.4,59.5,136.5,11.4,1.2,1279.0,2183.6,180.8,341.2,19.9,3.8,2729.2,24.8,18.4,43.7,164.0,1450.2,11.3,26.6,3.0,46.1,32.4,79.2,366.6,1279.0,28.7,21.6,6.2,70.8,50.8,122.9,530.6,2729.2,19.4,23.2,4.5
4.6,12.2,2021-03-01,1111.6,115.0,209.6,11.5,3.1,1450.8,1070.0,56.9,142.1,13.4,2.2,1284.6,2181.6,171.9,351.7,24.9,5.4,2735.4,22.6,16.7,39.4,168.7,1450.8,11.6,23.4,2.7,46.3,36.2,83.6,374.5,1284.6,29.2,22.3,6.5,68.9,52.8,123.0,543.2,2735.4,19.9,22.6,4.5
4.0,10.5,2021-06-01,1115.0,122.0,204.6,9.8,2.8,1454.2,1079.1,64.3,135.1,11.0,2.1,1291.6,2194.1,186.3,339.7,20.8,4.9,2745.8,19.3,13.8,33.4,172.6,1454.2,11.9,19.3,2.3,34.2,36.0,70.8,391.0,1291.6,30.3,18.1,5.5,53.5,49.7,104.1,563.6,2745.8,20.5,18.5,3.8
3.3,9.2,2021-09-01,1123.7,117.2,208.9,8.4,4.1,1462.2,1114.3,61.3,139.6,12.3,2.2,1329.7,2237.9,178.4,348.6,20.7,6.2,2791.8,13.7,16.3,30.3,169.9,1462.2,11.6,17.8,2.1,31.7,29.8,61.8,393.1,1329.7,29.6,15.7,4.6,45.4,46.2,92.1,563.1,2791.8,20.2,16.4,3.3
3.2,9.3,2021-12-01,1136.9,121.5,202.9,9.0,6.8,1477.0,1114.9,62.7,146.7,10.7,2.0,1337.1,2251.9,184.2,349.6,19.7,8.7,2814.1,19.2,15.7,35.3,170.9,1477.0,11.6,20.7,2.4,36.5,33.6,70.9,386.6,1337.1,28.9,18.3,5.3,55.7,49.3,106.2,557.5,2814.1,19.8,19.1,3.8
3.3,9.4,2022-03-01,1138.2,114.8,209.3,8.5,3.4,1474.2,1100.5,67.6,142.1,11.4,2.0,1323.6,2238.6,182.4,351.4,19.9,5.5,2797.9,18.2,13.3,31.6,161.8,1474.2,11.0,19.5,2.1,33.7,29.5,63.7,370.3,1323.6,28.0,17.2,4.8,51.9,42.7,95.3,532.1,2797.9,19.0,17.9,3.4
3.3,9.3,2022-06-01,1140.9,114.6,194.1,7.4,2.7,1459.7,1106.8,59.8,141.9,6.2,2.2,1316.9,2247.7,174.4,336.0,13.6,4.9,2776.6,14.2,15.1,29.8,159.3,1459.7,10.9,18.7,2.0,28.1,32.7,61.4,365.9,1316.9,27.8,16.8,4.7,42.3,47.8,91.2,525.2,2776.6,18.9,17.4,3.3
3.3,9.0,2022-09-01,1148.1,114.2,205.4,7.1,4.3,1479.1,1118.7,60.7,149.5,10.1,1.6,1340.6,2266.8,174.9,354.8,17.2,5.9,2819.6,17.3,16.2,33.9,165.5,1479.1,11.2,20.5,2.3,30.4,30.3,61.6,392.7,1340.6,29.3,15.7,4.6,47.7,46.5,95.5,558.2,2819.6,19.8,17.1,3.4
3.4,9.4,2022-12-01,1169.5,109.4,213.6,8.5,1.5,1502.5,1129.1,61.1,152.1,9.7,2.8,1354.9,2298.6,170.6,365.7,18.2,4.3,2857.5,19.4,14.8,35.5,164.4,1502.5,10.9,21.6,2.4,35.4,33.4,69.7,385.3,1354.9,28.4,18.1,5.1,54.9,48.1,105.2,549.6,2857.5,19.2,19.1,3.7
3.5,9.1,2023-03-01,1181.0,111.5,212.2,7.4,2.3,1514.3,1144.0,57.4,149.1,12.1,1.8,1364.5,2325.0,168.9,361.3,19.5,4.1,2878.9,16.2,13.3,29.5,160.2,1514.3,10.6,18.4,1.9,32.5,29.1,62.6,386.6,1364.5,28.3,16.2,4.6,48.7,42.4,92.1,546.8,2878.9,19.0,16.8,3.2
3.7,10.0,2023-06-01,1196.1,110.7,208.3,9.0,2.9,1527.1,1154.2,57.9,142.8,10.8,3.2,1368.9,2350.3,168.7,351.1,19.9,6.1,2896.0,20.9,14.6,36.5,179.5,1527.1,11.8,20.4,2.4,33.3,32.3,65.9,398.3,1368.9,29.1,16.6,4.8,54.2,46.9,102.5,577.8,2896.0,20.0,17.7,3.5
3.9,10.5,2023-09-01,1190.4,110.1,218.6,8.5,3.2,1530.8,1153.8,54.7,147.8,10.0,1.9,1368.2,2344.2,164.8,366.4,18.4,5.1,2899.0,19.8,19.1,40.1,184.0,1530.8,12.0,21.8,2.6,39.3,30.7,71.2,399.0,1368.2,29.2,17.8,5.2,59.1,49.7,111.3,583.0,2899.0,20.1,19.1,3.8
4.0,10.8,2023-12-01,1213.8,111.1,212.4,8.7,2.0,1548.0,1178.6,53.1,137.7,14.8,1.6,1385.7,2392.4,164.2,350.1,23.5,3.6,2933.7,26.6,19.3,46.9,176.1,1548.0,11.4,26.6,3.0,50.0,34.9,85.3,393.8,1385.7,28.4,21.7,6.2,76.6,54.1,132.2,569.9,2933.7,19.4,23.2,4.5
4.4,11.3,2024-03-01,1200.8,116.7,206.9,7.4,1.5,1533.3,1159.9,55.1,144.9,12.3,0.0,1372.7,2360.7,171.8,351.8,19.7,2.0,2906.0,27.4,15.1,42.8,171.4,1533.3,11.2,24.9,2.8,43.0,31.9,75.8,384.8,1372.7,28.0,19.7,5.5,70.3,46.9,118.6,556.2,2906.0,19.1,21.3,4.1
4.7,11.9,2024-06-01,1195.8,112.9,205.7,8.2,2.6,1525.2,1164.5,54.4,142.1,12.3,1.6,1374.9,2360.3,167.3,347.8,20.6,4.2,2900.1,22.9,21.5,44.7,183.9,1525.2,12.1,24.3,2.9,40.7,35.9,77.6,399.9,1374.9,29.1,19.4,5.6,63.6,57.5,122.3,583.9,2900.1,20.1,21.0,4.2
4.9,11.7,2024-09-01,1182.0,112.8,205.5,8.6,1.2,1510.0,1167.7,55.9,136.4,11.1,1.4,1372.6,2349.7,168.7,341.9,19.7,2.6,2882.6,22.7,19.9,43.3,185.1,1510.0,12.3,23.4,2.9,40.5,32.4,73.0,402.8,1372.6,29.3,18.1,5.3,63.1,52.3,116.3,588.0,2882.6,20.4,19.8,4.0
5.1,12.2,2024-12-01,1184.2,113.0,212.4,6.0,1.6,1517.2,1171.8,58.9,136.0,11.1,1.3,1379.1,2355.9,171.9,348.3,17.1,3.0,2896.3,31.0,20.6,52.4,184.6,1517.2,12.2,28.4,3.5,50.4,36.2,87.0,393.5,1379.1,28.5,22.1,6.3,81.3,56.8,139.4,578.1,2896.3,20.0,24.1,4.8
5.1,12.4,2025-03-01,1181.2,113.3,210.3,7.6,1.8,1514.2,1158.1,54.6,139.7,10.8,1.5,1364.5,2339.3,167.9,349.9,18.3,3.3,2878.7,24.3,18.7,43.3,178.4,1514.2,11.8,24.3,2.9,47.1,35.4,83.7,400.4,1364.5,29.3,20.9,6.1,71.4,54.1,127.0,578.7,2878.7,20.1,21.9,4.4
5.2,12.8,2025-06-01,1175.5,108.3,205.9,8.8,2.7,1501.1,1154.7,52.5,141.4,11.6,1.8,1361.9,2330.2,160.7,347.3,20.4,4.5,2863.1,26.7,17.3,44.7,186.9,1501.1,12.4,23.9,3.0,44.8,34.9,80.3,400.1,1361.9,29.4,20.1,5.9,71.5,52.2,125.0,586.9,2863.1,20.5,21.3,4.4
5.3,12.9,2025-09-01,1166.0,112.0,205.1,9.1,2.2,1494.4,1159.0,54.5,140.6,11.6,1.2,1366.9,2325.0,166.4,345.7,20.7,3.5,2861.3,25.9,20.0,46.2,183.7,1494.4,12.3,25.1,3.1,48.3,37.0,86.3,404.9,1366.9,29.6,21.3,6.3,74.2,57.0,132.5,588.6,2861.3,20.6,22.5,4.6
5.4,12.9,2025-12-01,1173.9,109.0,213.4,9.3,1.5,1507.0,1185.3,56.1,140.6,11.3,1.0,1394.4,2359.2,165.1,354.0,20.6,2.6,2901.4,34.2,19.6,54.7,184.7,1507.0,12.3,29.6,3.6,57.6,35.3,94.2,397.2,1394.4,28.5,23.7,6.8,91.7,55.0,148.9,581.9,2901.4,20.1,25.6,5.1
5.3,12.9,2026-03-01,1166.7,113.4,216.2,7.5,2.2,1505.9,1178.6,56.5,139.3,9.0,1.6,1385.0,2345.3,169.9,355.5,16.5,3.8,2890.9,32.9,22.0,55.8,186.2,1505.9,12.4,30.0,3.7,53.5,32.7,87.8,389.7,1385.0,28.1,22.5,6.3,86.5,54.7,143.6,575.9,2890.9,19.9,24.9,5.0
